Day,Hour,Title,Category,Prompt
1,0,ค่า fee แม่งสูงเกินมนุษย์!,Anti-Investor,"ด่า investor/แพลตฟอร์มที่แดกกำไรเกินควร, tone เจ็บแสบ"
1,1,ร้านค้าขาย 100 ได้แค่ 80 แม่งยังคิดว่าโอเค?,Marketplace,"เปรียบเทียบค่าธรรมเนียมสูงกับร้านค้า, tone ฮา/จิกกัด"
1,2,คนไทยลำบาก ขณะที่ CEO นอนนับเงิน,Meme,"เสียดสีความเหลื่อมล้ำ, punchline shareable"
1,3,Grab แดกค่า fee 25% แต่ก็ไม่มี zero-fee,News/Trend,"ด่า delivery platform, tone ตรงไปตรงมา"
1,4,ข่าว: สตาร์ทอัพใหม่ เก็บค่า fee แพงอีกแล้ว,Branding/CTA,"comment เกาะข่าว, tone เสียดสี"
1,5,เสือก! ร้านค้าได้เต็ม ผู้ใช้ได้ถูก,Anti-Investor,"Call to action, zero-fee branding"
1,6,ลงทุนเกินควร = กำไรเกินควร = เสือก!,Marketplace,"Jibe investor, punchline"
1,7,ค่าอาหาร 100 แต่คุณกิน 75? แม่งอย่าให้ fee กิน,Meme,"Compare cost, tone เจ็บแสบ"
1,8,CEO บอก user สำคัญ แต่ dashboard กินกำไรเอง,News/Trend,Satire CEO / corporate greed
1,9,X platform แม่งคิดค่าธรรมเนียมสูง แค่คิดก็เสือกแล้ว,Branding/CTA,"Direct, shareable"
1,10,ร้านค้าขายดี = user happy = investorเหงื่อตก,Anti-Investor,"Punchline, zero-fee pride"
1,11,ข่าว: Delivery fee พุ่ง 30% คนไทยสะเทือน,Marketplace,"Comment เกาะกระแส, tone เสียดสี"
1,12,ค่า fee แม่งสูงเกินมนุษย์!,Meme,"ด่า investor/แพลตฟอร์มที่แดกกำไรเกินควร, tone เจ็บแสบ"
1,13,ร้านค้าขาย 100 ได้แค่ 80 แม่งยังคิดว่าโอเค?,News/Trend,"เปรียบเทียบค่าธรรมเนียมสูงกับร้านค้า, tone ฮา/จิกกัด"
1,14,คนไทยลำบาก ขณะที่ CEO นอนนับเงิน,Branding/CTA,"เสียดสีความเหลื่อมล้ำ, punchline shareable"
1,15,Grab แดกค่า fee 25% แต่ก็ไม่มี zero-fee,Anti-Investor,"ด่า delivery platform, tone ตรงไปตรงมา"
1,16,ข่าว: สตาร์ทอัพใหม่ เก็บค่า fee แพงอีกแล้ว,Marketplace,"comment เกาะข่าว, tone เสียดสี"
1,17,เสือก! ร้านค้าได้เต็ม ผู้ใช้ได้ถูก,Meme,"Call to action, zero-fee branding"
1,18,ลงทุนเกินควร = กำไรเกินควร = เสือก!,News/Trend,"Jibe investor, punchline"
1,19,ค่าอาหาร 100 แต่คุณกิน 75? แม่งอย่าให้ fee กิน,Branding/CTA,"Compare cost, tone เจ็บแสบ"
1,20,CEO บอก user สำคัญ แต่ dashboard กินกำไรเอง,Anti-Investor,Satire CEO / corporate greed
1,21,X platform แม่งคิดค่าธรรมเนียมสูง แค่คิดก็เสือกแล้ว,Marketplace,"Direct, shareable"
1,22,ร้านค้าขายดี = user happy = investorเหงื่อตก,Meme,"Punchline, zero-fee pride"
1,23,ข่าว: Delivery fee พุ่ง 30% คนไทยสะเทือน,News/Trend,"Comment เกาะกระแส, tone เสียดสี"
2,0,ค่า fee แม่งสูงเกินมนุษย์!,Branding/CTA,"ด่า investor/แพลตฟอร์มที่แดกกำไรเกินควร, tone เจ็บแสบ"
2,1,ร้านค้าขาย 100 ได้แค่ 80 แม่งยังคิดว่าโอเค?,Anti-Investor,"เปรียบเทียบค่าธรรมเนียมสูงกับร้านค้า, tone ฮา/จิกกัด"
2,2,คนไทยลำบาก ขณะที่ CEO นอนนับเงิน,Marketplace,"เสียดสีความเหลื่อมล้ำ, punchline shareable"
2,3,Grab แดกค่า fee 25% แต่ก็ไม่มี zero-fee,Meme,"ด่า delivery platform, tone ตรงไปตรงมา"
2,4,ข่าว: สตาร์ทอัพใหม่ เก็บค่า fee แพงอีกแล้ว,News/Trend,"comment เกาะข่าว, tone เสียดสี"
2,5,เสือก! ร้านค้าได้เต็ม ผู้ใช้ได้ถูก,Branding/CTA,"Call to action, zero-fee branding"
2,6,ลงทุนเกินควร = กำไรเกินควร = เสือก!,Anti-Investor,"Jibe investor, punchline"
2,7,ค่าอาหาร 100 แต่คุณกิน 75? แม่งอย่าให้ fee กิน,Marketplace,"Compare cost, tone เจ็บแสบ"
2,8,CEO บอก user สำคัญ แต่ dashboard กินกำไรเอง,Meme,Satire CEO / corporate greed
2,9,X platform แม่งคิดค่าธรรมเนียมสูง แค่คิดก็เสือกแล้ว,News/Trend,"Direct, shareable"
2,10,ร้านค้าขายดี = user happy = investorเหงื่อตก,Branding/CTA,"Punchline, zero-fee pride"
2,11,ข่าว: Delivery fee พุ่ง 30% คนไทยสะเทือน,Anti-Investor,"Comment เกาะกระแส, tone เสียดสี"
2,12,ค่า fee แม่งสูงเกินมนุษย์!,Marketplace,"ด่า investor/แพลตฟอร์มที่แดกกำไรเกินควร, tone เจ็บแสบ"
2,13,ร้านค้าขาย 100 ได้แค่ 80 แม่งยังคิดว่าโอเค?,Meme,"เปรียบเทียบค่าธรรมเนียมสูงกับร้านค้า, tone ฮา/จิกกัด"
2,14,คนไทยลำบาก ขณะที่ CEO นอนนับเงิน,News/Trend,"เสียดสีความเหลื่อมล้ำ, punchline shareable"
2,15,Grab แดกค่า fee 25% แต่ก็ไม่มี zero-fee,Branding/CTA,"ด่า delivery platform, tone ตรงไปตรงมา"
2,16,ข่าว: สตาร์ทอัพใหม่ เก็บค่า fee แพงอีกแล้ว,Anti-Investor,"comment เกาะข่าว, tone เสียดสี"
2,17,เสือก! ร้านค้าได้เต็ม ผู้ใช้ได้ถูก,Marketplace,"Call to action, zero-fee branding"
2,18,ลงทุนเกินควร = กำไรเกินควร = เสือก!,Meme,"Jibe investor, punchline"
2,19,ค่าอาหาร 100 แต่คุณกิน 75? แม่งอย่าให้ fee กิน,News/Trend,"Compare cost, tone เจ็บแสบ"
2,20,CEO บอก user สำคัญ แต่ dashboard กินกำไรเอง,Branding/CTA,Satire CEO / corporate greed
2,21,X platform แม่งคิดค่าธรรมเนียมสูง แค่คิดก็เสือกแล้ว,Anti-Investor,"Direct, shareable"
2,22,ร้านค้าขายดี = user happy = investorเหงื่อตก,Marketplace,"Punchline, zero-fee pride"
2,23,ข่าว: Delivery fee พุ่ง 30% คนไทยสะเทือน,Meme,"Comment เกาะกระแส, tone เสียดสี"
3,0,ค่า fee แม่งสูงเกินมนุษย์!,News/Trend,"ด่า investor/แพลตฟอร์มที่แดกกำไรเกินควร, tone เจ็บแสบ"
3,1,ร้านค้าขาย 100 ได้แค่ 80 แม่งยังคิดว่าโอเค?,Branding/CTA,"เปรียบเทียบค่าธรรมเนียมสูงกับร้านค้า, tone ฮา/จิกกัด"
3,2,คนไทยลำบาก ขณะที่ CEO นอนนับเงิน,Anti-Investor,"เสียดสีความเหลื่อมล้ำ, punchline shareable"
3,3,Grab แดกค่า fee 25% แต่ก็ไม่มี zero-fee,Marketplace,"ด่า delivery platform, tone ตรงไปตรงมา"
3,4,ข่าว: สตาร์ทอัพใหม่ เก็บค่า fee แพงอีกแล้ว,Meme,"comment เกาะข่าว, tone เสียดสี"
3,5,เสือก! ร้านค้าได้เต็ม ผู้ใช้ได้ถูก,News/Trend,"Call to action, zero-fee branding"
3,6,ลงทุนเกินควร = กำไรเกินควร = เสือก!,Branding/CTA,"Jibe investor, punchline"
3,7,ค่าอาหาร 100 แต่คุณกิน 75? แม่งอย่าให้ fee กิน,Anti-Investor,"Compare cost, tone เจ็บแสบ"
3,8,CEO บอก user สำคัญ แต่ dashboard กินกำไรเอง,Marketplace,Satire CEO / corporate greed
3,9,X platform แม่งคิดค่าธรรมเนียมสูง แค่คิดก็เสือกแล้ว,Meme,"Direct, shareable"
3,10,ร้านค้าขายดี = user happy = investorเหงื่อตก,News/Trend,"Punchline, zero-fee pride"
3,11,ข่าว: Delivery fee พุ่ง 30% คนไทยสะเทือน,Branding/CTA,"Comment เกาะกระแส, tone เสียดสี"
3,12,ค่า fee แม่งสูงเกินมนุษย์!,Anti-Investor,"ด่า investor/แพลตฟอร์มที่แดกกำไรเกินควร, tone เจ็บแสบ"
3,13,ร้านค้าขาย 100 ได้แค่ 80 แม่งยังคิดว่าโอเค?,Marketplace,"เปรียบเทียบค่าธรรมเนียมสูงกับร้านค้า, tone ฮา/จิกกัด"
3,14,คนไทยลำบาก ขณะที่ CEO นอนนับเงิน,Meme,"เสียดสีความเหลื่อมล้ำ, punchline shareable"
3,15,Grab แดกค่า fee 25% แต่ก็ไม่มี zero-fee,News/Trend,"ด่า delivery platform, tone ตรงไปตรงมา"
3,16,ข่าว: สตาร์ทอัพใหม่ เก็บค่า fee แพงอีกแล้ว,Branding/CTA,"comment เกาะข่าว, tone เสียดสี"
3,17,เสือก! ร้านค้าได้เต็ม ผู้ใช้ได้ถูก,Anti-Investor,"Call to action, zero-fee branding"
3,18,ลงทุนเกินควร = กำไรเกินควร = เสือก!,Marketplace,"Jibe investor, punchline"
3,19,ค่าอาหาร 100 แต่คุณกิน 75? แม่งอย่าให้ fee กิน,Meme,"Compare cost, tone เจ็บแสบ"
3,20,CEO บอก user สำคัญ แต่ dashboard กินกำไรเอง,News/Trend,Satire CEO / corporate greed
3,21,X platform แม่งคิดค่าธรรมเนียมสูง แค่คิดก็เสือกแล้ว,Branding/CTA,"Direct, shareable"
3,22,ร้านค้าขายดี = user happy = investorเหงื่อตก,Anti-Investor,"Punchline, zero-fee pride"
3,23,ข่าว: Delivery fee พุ่ง 30% คนไทยสะเทือน,Marketplace,"Comment เกาะกระแส, tone เสียดสี"
4,0,ค่า fee แม่งสูงเกินมนุษย์!,Meme,"ด่า investor/แพลตฟอร์มที่แดกกำไรเกินควร, tone เจ็บแสบ"
4,1,ร้านค้าขาย 100 ได้แค่ 80 แม่งยังคิดว่าโอเค?,News/Trend,"เปรียบเทียบค่าธรรมเนียมสูงกับร้านค้า, tone ฮา/จิกกัด"
4,2,คนไทยลำบาก ขณะที่ CEO นอนนับเงิน,Branding/CTA,"เสียดสีความเหลื่อมล้ำ, punchline shareable"
4,3,Grab แดกค่า fee 25% แต่ก็ไม่มี zero-fee,Anti-Investor,"ด่า delivery platform, tone ตรงไปตรงมา"
4,4,ข่าว: สตาร์ทอัพใหม่ เก็บค่า fee แพงอีกแล้ว,Marketplace,"comment เกาะข่าว, tone เสียดสี"
4,5,เสือก! ร้านค้าได้เต็ม ผู้ใช้ได้ถูก,Meme,"Call to action, zero-fee branding"
4,6,ลงทุนเกินควร = กำไรเกินควร = เสือก!,News/Trend,"Jibe investor, punchline"
4,7,ค่าอาหาร 100 แต่คุณกิน 75? แม่งอย่าให้ fee กิน,Branding/CTA,"Compare cost, tone เจ็บแสบ"
4,8,CEO บอก user สำคัญ แต่ dashboard กินกำไรเอง,Anti-Investor,Satire CEO / corporate greed
4,9,X platform แม่งคิดค่าธรรมเนียมสูง แค่คิดก็เสือกแล้ว,Marketplace,"Direct, shareable"
4,10,ร้านค้าขายดี = user happy = investorเหงื่อตก,Meme,"Punchline, zero-fee pride"
4,11,ข่าว: Delivery fee พุ่ง 30% คนไทยสะเทือน,News/Trend,"Comment เกาะกระแส, tone เสียดสี"
4,12,ค่า fee แม่งสูงเกินมนุษย์!,Branding/CTA,"ด่า investor/แพลตฟอร์มที่แดกกำไรเกินควร, tone เจ็บแสบ"
4,13,ร้านค้าขาย 100 ได้แค่ 80 แม่งยังคิดว่าโอเค?,Anti-Investor,"เปรียบเทียบค่าธรรมเนียมสูงกับร้านค้า, tone ฮา/จิกกัด"
4,14,คนไทยลำบาก ขณะที่ CEO นอนนับเงิน,Marketplace,"เสียดสีความเหลื่อมล้ำ, punchline shareable"
4,15,Grab แดกค่า fee 25% แต่ก็ไม่มี zero-fee,Meme,"ด่า delivery platform, tone ตรงไปตรงมา"
4,16,ข่าว: สตาร์ทอัพใหม่ เก็บค่า fee แพงอีกแล้ว,News/Trend,"comment เกาะข่าว, tone เสียดสี"
4,17,เสือก! ร้านค้าได้เต็ม ผู้ใช้ได้ถูก,Branding/CTA,"Call to action, zero-fee branding"
4,18,ลงทุนเกินควร = กำไรเกินควร = เสือก!,Anti-Investor,"Jibe investor, punchline"
4,19,ค่าอาหาร 100 แต่คุณกิน 75? แม่งอย่าให้ fee กิน,Marketplace,"Compare cost, tone เจ็บแสบ"
4,20,CEO บอก user สำคัญ แต่ dashboard กินกำไรเอง,Meme,Satire CEO / corporate greed
4,21,X platform แม่งคิดค่าธรรมเนียมสูง แค่คิดก็เสือกแล้ว,News/Trend,"Direct, shareable"
4,22,ร้านค้าขายดี = user happy = investorเหงื่อตก,Branding/CTA,"Punchline, zero-fee pride"
4,23,ข่าว: Delivery fee พุ่ง 30% คนไทยสะเทือน,Anti-Investor,"Comment เกาะกระแส, tone เสียดสี"
5,0,ค่า fee แม่งสูงเกินมนุษย์!,Marketplace,"ด่า investor/แพลตฟอร์มที่แดกกำไรเกินควร, tone เจ็บแสบ"
5,1,ร้านค้าขาย 100 ได้แค่ 80 แม่งยังคิดว่าโอเค?,Meme,"เปรียบเทียบค่าธรรมเนียมสูงกับร้านค้า, tone ฮา/จิกกัด"
5,2,คนไทยลำบาก ขณะที่ CEO นอนนับเงิน,News/Trend,"เสียดสีความเหลื่อมล้ำ, punchline shareable"
5,3,Grab แดกค่า fee 25% แต่ก็ไม่มี zero-fee,Branding/CTA,"ด่า delivery platform, tone ตรงไปตรงมา"
5,4,ข่าว: สตาร์ทอัพใหม่ เก็บค่า fee แพงอีกแล้ว,Anti-Investor,"comment เกาะข่าว, tone เสียดสี"
5,5,เสือก! ร้านค้าได้เต็ม ผู้ใช้ได้ถูก,Marketplace,"Call to action, zero-fee branding"
5,6,ลงทุนเกินควร = กำไรเกินควร = เสือก!,Meme,"Jibe investor, punchline"
5,7,ค่าอาหาร 100 แต่คุณกิน 75? แม่งอย่าให้ fee กิน,News/Trend,"Compare cost, tone เจ็บแสบ"
5,8,CEO บอก user สำคัญ แต่ dashboard กินกำไรเอง,Branding/CTA,Satire CEO / corporate greed
5,9,X platform แม่งคิดค่าธรรมเนียมสูง แค่คิดก็เสือกแล้ว,Anti-Investor,"Direct, shareable"
5,10,ร้านค้าขายดี = user happy = investorเหงื่อตก,Marketplace,"Punchline, zero-fee pride"
5,11,ข่าว: Delivery fee พุ่ง 30% คนไทยสะเทือน,Meme,"Comment เกาะกระแส, tone เสียดสี"
5,12,ค่า fee แม่งสูงเกินมนุษย์!,News/Trend,"ด่า investor/แพลตฟอร์มที่แดกกำไรเกินควร, tone เจ็บแสบ"
5,13,ร้านค้าขาย 100 ได้แค่ 80 แม่งยังคิดว่าโอเค?,Branding/CTA,"เปรียบเทียบค่าธรรมเนียมสูงกับร้านค้า, tone ฮา/จิกกัด"
5,14,คนไทยลำบาก ขณะที่ CEO นอนนับเงิน,Anti-Investor,"เสียดสีความเหลื่อมล้ำ, punchline shareable"
5,15,Grab แดกค่า fee 25% แต่ก็ไม่มี zero-fee,Marketplace,"ด่า delivery platform, tone ตรงไปตรงมา"
5,16,ข่าว: สตาร์ทอัพใหม่ เก็บค่า fee แพงอีกแล้ว,Meme,"comment เกาะข่าว, tone เสียดสี"
5,17,เสือก! ร้านค้าได้เต็ม ผู้ใช้ได้ถูก,News/Trend,"Call to action, zero-fee branding"
5,18,ลงทุนเกินควร = กำไรเกินควร = เสือก!,Branding/CTA,"Jibe investor, punchline"
5,19,ค่าอาหาร 100 แต่คุณกิน 75? แม่งอย่าให้ fee กิน,Anti-Investor,"Compare cost, tone เจ็บแสบ"
5,20,CEO บอก user สำคัญ แต่ dashboard กินกำไรเอง,Marketplace,Satire CEO / corporate greed
5,21,X platform แม่งคิดค่าธรรมเนียมสูง แค่คิดก็เสือกแล้ว,Meme,"Direct, shareable"
5,22,ร้านค้าขายดี = user happy = investorเหงื่อตก,News/Trend,"Punchline, zero-fee pride"
5,23,ข่าว: Delivery fee พุ่ง 30% คนไทยสะเทือน,Branding/CTA,"Comment เกาะกระแส, tone เสียดสี"
6,0,ค่า fee แม่งสูงเกินมนุษย์!,Anti-Investor,"ด่า investor/แพลตฟอร์มที่แดกกำไรเกินควร, tone เจ็บแสบ"
6,1,ร้านค้าขาย 100 ได้แค่ 80 แม่งยังคิดว่าโอเค?,Marketplace,"เปรียบเทียบค่าธรรมเนียมสูงกับร้านค้า, tone ฮา/จิกกัด"
6,2,คนไทยลำบาก ขณะที่ CEO นอนนับเงิน,Meme,"เสียดสีความเหลื่อมล้ำ, punchline shareable"
6,3,Grab แดกค่า fee 25% แต่ก็ไม่มี zero-fee,News/Trend,"ด่า delivery platform, tone ตรงไปตรงมา"
6,4,ข่าว: สตาร์ทอัพใหม่ เก็บค่า fee แพงอีกแล้ว,Branding/CTA,"comment เกาะข่าว, tone เสียดสี"
6,5,เสือก! ร้านค้าได้เต็ม ผู้ใช้ได้ถูก,Anti-Investor,"Call to action, zero-fee branding"
6,6,ลงทุนเกินควร = กำไรเกินควร = เสือก!,Marketplace,"Jibe investor, punchline"
6,7,ค่าอาหาร 100 แต่คุณกิน 75? แม่งอย่าให้ fee กิน,Meme,"Compare cost, tone เจ็บแสบ"
6,8,CEO บอก user สำคัญ แต่ dashboard กินกำไรเอง,News/Trend,Satire CEO / corporate greed
6,9,X platform แม่งคิดค่าธรรมเนียมสูง แค่คิดก็เสือกแล้ว,Branding/CTA,"Direct, shareable"
6,10,ร้านค้าขายดี = user happy = investorเหงื่อตก,Anti-Investor,"Punchline, zero-fee pride"
6,11,ข่าว: Delivery fee พุ่ง 30% คนไทยสะเทือน,Marketplace,"Comment เกาะกระแส, tone เสียดสี"
6,12,ค่า fee แม่งสูงเกินมนุษย์!,Meme,"ด่า investor/แพลตฟอร์มที่แดกกำไรเกินควร, tone เจ็บแสบ"
6,13,ร้านค้าขาย 100 ได้แค่ 80 แม่งยังคิดว่าโอเค?,News/Trend,"เปรียบเทียบค่าธรรมเนียมสูงกับร้านค้า, tone ฮา/จิกกัด"
6,14,คนไทยลำบาก ขณะที่ CEO นอนนับเงิน,Branding/CTA,"เสียดสีความเหลื่อมล้ำ, punchline shareable"
6,15,Grab แดกค่า fee 25% แต่ก็ไม่มี zero-fee,Anti-Investor,"ด่า delivery platform, tone ตรงไปตรงมา"
6,16,ข่าว: สตาร์ทอัพใหม่ เก็บค่า fee แพงอีกแล้ว,Marketplace,"comment เกาะข่าว, tone เสียดสี"
6,17,เสือก! ร้านค้าได้เต็ม ผู้ใช้ได้ถูก,Meme,"Call to action, zero-fee branding"
6,18,ลงทุนเกินควร = กำไรเกินควร = เสือก!,News/Trend,"Jibe investor, punchline"
6,19,ค่าอาหาร 100 แต่คุณกิน 75? แม่งอย่าให้ fee กิน,Branding/CTA,"Compare cost, tone เจ็บแสบ"
6,20,CEO บอก user สำคัญ แต่ dashboard กินกำไรเอง,Anti-Investor,Satire CEO / corporate greed
6,21,X platform แม่งคิดค่าธรรมเนียมสูง แค่คิดก็เสือกแล้ว,Marketplace,"Direct, shareable"
6,22,ร้านค้าขายดี = user happy = investorเหงื่อตก,Meme,"Punchline, zero-fee pride"
6,23,ข่าว: Delivery fee พุ่ง 30% คนไทยสะเทือน,News/Trend,"Comment เกาะกระแส, tone เสียดสี"
7,0,ค่า fee แม่งสูงเกินมนุษย์!,Branding/CTA,"ด่า investor/แพลตฟอร์มที่แดกกำไรเกินควร, tone เจ็บแสบ"
7,1,ร้านค้าขาย 100 ได้แค่ 80 แม่งยังคิดว่าโอเค?,Anti-Investor,"เปรียบเทียบค่าธรรมเนียมสูงกับร้านค้า, tone ฮา/จิกกัด"
7,2,คนไทยลำบาก ขณะที่ CEO นอนนับเงิน,Marketplace,"เสียดสีความเหลื่อมล้ำ, punchline shareable"
7,3,Grab แดกค่า fee 25% แต่ก็ไม่มี zero-fee,Meme,"ด่า delivery platform, tone ตรงไปตรงมา"
7,4,ข่าว: สตาร์ทอัพใหม่ เก็บค่า fee แพงอีกแล้ว,News/Trend,"comment เกาะข่าว, tone เสียดสี"
7,5,เสือก! ร้านค้าได้เต็ม ผู้ใช้ได้ถูก,Branding/CTA,"Call to action, zero-fee branding"
7,6,ลงทุนเกินควร = กำไรเกินควร = เสือก!,Anti-Investor,"Jibe investor, punchline"
7,7,ค่าอาหาร 100 แต่คุณกิน 75? แม่งอย่าให้ fee กิน,Marketplace,"Compare cost, tone เจ็บแสบ"
7,8,CEO บอก user สำคัญ แต่ dashboard กินกำไรเอง,Meme,Satire CEO / corporate greed
7,9,X platform แม่งคิดค่าธรรมเนียมสูง แค่คิดก็เสือกแล้ว,News/Trend,"Direct, shareable"
7,10,ร้านค้าขายดี = user happy = investorเหงื่อตก,Branding/CTA,"Punchline, zero-fee pride"
7,11,ข่าว: Delivery fee พุ่ง 30% คนไทยสะเทือน,Anti-Investor,"Comment เกาะกระแส, tone เสียดสี"
7,12,ค่า fee แม่งสูงเกินมนุษย์!,Marketplace,"ด่า investor/แพลตฟอร์มที่แดกกำไรเกินควร, tone เจ็บแสบ"
7,13,ร้านค้าขาย 100 ได้แค่ 80 แม่งยังคิดว่าโอเค?,Meme,"เปรียบเทียบค่าธรรมเนียมสูงกับร้านค้า, tone ฮา/จิกกัด"
7,14,คนไทยลำบาก ขณะที่ CEO นอนนับเงิน,News/Trend,"เสียดสีความเหลื่อมล้ำ, punchline shareable"
7,15,Grab แดกค่า fee 25% แต่ก็ไม่มี zero-fee,Branding/CTA,"ด่า delivery platform, tone ตรงไปตรงมา"
7,16,ข่าว: สตาร์ทอัพใหม่ เก็บค่า fee แพงอีกแล้ว,Anti-Investor,"comment เกาะข่าว, tone เสียดสี"
7,17,เสือก! ร้านค้าได้เต็ม ผู้ใช้ได้ถูก,Marketplace,"Call to action, zero-fee branding"
7,18,ลงทุนเกินควร = กำไรเกินควร = เสือก!,Meme,"Jibe investor, punchline"
7,19,ค่าอาหาร 100 แต่คุณกิน 75? แม่งอย่าให้ fee กิน,News/Trend,"Compare cost, tone เจ็บแสบ"
7,20,CEO บอก user สำคัญ แต่ dashboard กินกำไรเอง,Branding/CTA,Satire CEO / corporate greed
7,21,X platform แม่งคิดค่าธรรมเนียมสูง แค่คิดก็เสือกแล้ว,Anti-Investor,"Direct, shareable"
7,22,ร้านค้าขายดี = user happy = investorเหงื่อตก,Marketplace,"Punchline, zero-fee pride"
7,23,ข่าว: Delivery fee พุ่ง 30% คนไทยสะเทือน,Meme,"Comment เกาะกระแส, tone เสียดสี"
8,0,ค่า fee แม่งสูงเกินมนุษย์!,News/Trend,"ด่า investor/แพลตฟอร์มที่แดกกำไรเกินควร, tone เจ็บแสบ"
8,1,ร้านค้าขาย 100 ได้แค่ 80 แม่งยังคิดว่าโอเค?,Branding/CTA,"เปรียบเทียบค่าธรรมเนียมสูงกับร้านค้า, tone ฮา/จิกกัด"
8,2,คนไทยลำบาก ขณะที่ CEO นอนนับเงิน,Anti-Investor,"เสียดสีความเหลื่อมล้ำ, punchline shareable"
8,3,Grab แดกค่า fee 25% แต่ก็ไม่มี zero-fee,Marketplace,"ด่า delivery platform, tone ตรงไปตรงมา"
8,4,ข่าว: สตาร์ทอัพใหม่ เก็บค่า fee แพงอีกแล้ว,Meme,"comment เกาะข่าว, tone เสียดสี"
8,5,เสือก! ร้านค้าได้เต็ม ผู้ใช้ได้ถูก,News/Trend,"Call to action, zero-fee branding"
8,6,ลงทุนเกินควร = กำไรเกินควร = เสือก!,Branding/CTA,"Jibe investor, punchline"
8,7,ค่าอาหาร 100 แต่คุณกิน 75? แม่งอย่าให้ fee กิน,Anti-Investor,"Compare cost, tone เจ็บแสบ"
8,8,CEO บอก user สำคัญ แต่ dashboard กินกำไรเอง,Marketplace,Satire CEO / corporate greed
8,9,X platform แม่งคิดค่าธรรมเนียมสูง แค่คิดก็เสือกแล้ว,Meme,"Direct, shareable"
8,10,ร้านค้าขายดี = user happy = investorเหงื่อตก,News/Trend,"Punchline, zero-fee pride"
8,11,ข่าว: Delivery fee พุ่ง 30% คนไทยสะเทือน,Branding/CTA,"Comment เกาะกระแส, tone เสียดสี"
8,12,ค่า fee แม่งสูงเกินมนุษย์!,Anti-Investor,"ด่า investor/แพลตฟอร์มที่แดกกำไรเกินควร, tone เจ็บแสบ"
8,13,ร้านค้าขาย 100 ได้แค่ 80 แม่งยังคิดว่าโอเค?,Marketplace,"เปรียบเทียบค่าธรรมเนียมสูงกับร้านค้า, tone ฮา/จิกกัด"
8,14,คนไทยลำบาก ขณะที่ CEO นอนนับเงิน,Meme,"เสียดสีความเหลื่อมล้ำ, punchline shareable"
8,15,Grab แดกค่า fee 25% แต่ก็ไม่มี zero-fee,News/Trend,"ด่า delivery platform, tone ตรงไปตรงมา"
8,16,ข่าว: สตาร์ทอัพใหม่ เก็บค่า fee แพงอีกแล้ว,Branding/CTA,"comment เกาะข่าว, tone เสียดสี"
8,17,เสือก! ร้านค้าได้เต็ม ผู้ใช้ได้ถูก,Anti-Investor,"Call to action, zero-fee branding"
8,18,ลงทุนเกินควร = กำไรเกินควร = เสือก!,Marketplace,"Jibe investor, punchline"
8,19,ค่าอาหาร 100 แต่คุณกิน 75? แม่งอย่าให้ fee กิน,Meme,"Compare cost, tone เจ็บแสบ"
8,20,CEO บอก user สำคัญ แต่ dashboard กินกำไรเอง,News/Trend,Satire CEO / corporate greed
8,21,X platform แม่งคิดค่าธรรมเนียมสูง แค่คิดก็เสือกแล้ว,Branding/CTA,"Direct, shareable"
8,22,ร้านค้าขายดี = user happy = investorเหงื่อตก,Anti-Investor,"Punchline, zero-fee pride"
8,23,ข่าว: Delivery fee พุ่ง 30% คนไทยสะเทือน,Marketplace,"Comment เกาะกระแส, tone เสียดสี"
9,0,ค่า fee แม่งสูงเกินมนุษย์!,Meme,"ด่า investor/แพลตฟอร์มที่แดกกำไรเกินควร, tone เจ็บแสบ"
9,1,ร้านค้าขาย 100 ได้แค่ 80 แม่งยังคิดว่าโอเค?,News/Trend,"เปรียบเทียบค่าธรรมเนียมสูงกับร้านค้า, tone ฮา/จิกกัด"
9,2,คนไทยลำบาก ขณะที่ CEO นอนนับเงิน,Branding/CTA,"เสียดสีความเหลื่อมล้ำ, punchline shareable"
9,3,Grab แดกค่า fee 25% แต่ก็ไม่มี zero-fee,Anti-Investor,"ด่า delivery platform, tone ตรงไปตรงมา"
9,4,ข่าว: สตาร์ทอัพใหม่ เก็บค่า fee แพงอีกแล้ว,Marketplace,"comment เกาะข่าว, tone เสียดสี"
9,5,เสือก! ร้านค้าได้เต็ม ผู้ใช้ได้ถูก,Meme,"Call to action, zero-fee branding"
9,6,ลงทุนเกินควร = กำไรเกินควร = เสือก!,News/Trend,"Jibe investor, punchline"
9,7,ค่าอาหาร 100 แต่คุณกิน 75? แม่งอย่าให้ fee กิน,Branding/CTA,"Compare cost, tone เจ็บแสบ"
9,8,CEO บอก user สำคัญ แต่ dashboard กินกำไรเอง,Anti-Investor,Satire CEO / corporate greed
9,9,X platform แม่งคิดค่าธรรมเนียมสูง แค่คิดก็เสือกแล้ว,Marketplace,"Direct, shareable"
9,10,ร้านค้าขายดี = user happy = investorเหงื่อตก,Meme,"Punchline, zero-fee pride"
9,11,ข่าว: Delivery fee พุ่ง 30% คนไทยสะเทือน,News/Trend,"Comment เกาะกระแส, tone เสียดสี"
9,12,ค่า fee แม่งสูงเกินมนุษย์!,Branding/CTA,"ด่า investor/แพลตฟอร์มที่แดกกำไรเกินควร, tone เจ็บแสบ"
9,13,ร้านค้าขาย 100 ได้แค่ 80 แม่งยังคิดว่าโอเค?,Anti-Investor,"เปรียบเทียบค่าธรรมเนียมสูงกับร้านค้า, tone ฮา/จิกกัด"
9,14,คนไทยลำบาก ขณะที่ CEO นอนนับเงิน,Marketplace,"เสียดสีความเหลื่อมล้ำ, punchline shareable"
9,15,Grab แดกค่า fee 25% แต่ก็ไม่มี zero-fee,Meme,"ด่า delivery platform, tone ตรงไปตรงมา"
9,16,ข่าว: สตาร์ทอัพใหม่ เก็บค่า fee แพงอีกแล้ว,News/Trend,"comment เกาะข่าว, tone เสียดสี"
9,17,เสือก! ร้านค้าได้เต็ม ผู้ใช้ได้ถูก,Branding/CTA,"Call to action, zero-fee branding"
9,18,ลงทุนเกินควร = กำไรเกินควร = เสือก!,Anti-Investor,"Jibe investor, punchline"
9,19,ค่าอาหาร 100 แต่คุณกิน 75? แม่งอย่าให้ fee กิน,Marketplace,"Compare cost, tone เจ็บแสบ"
9,20,CEO บอก user สำคัญ แต่ dashboard กินกำไรเอง,Meme,Satire CEO / corporate greed
9,21,X platform แม่งคิดค่าธรรมเนียมสูง แค่คิดก็เสือกแล้ว,News/Trend,"Direct, shareable"
9,22,ร้านค้าขายดี = user happy = investorเหงื่อตก,Branding/CTA,"Punchline, zero-fee pride"
9,23,ข่าว: Delivery fee พุ่ง 30% คนไทยสะเทือน,Anti-Investor,"Comment เกาะกระแส, tone เสียดสี"
10,0,ค่า fee แม่งสูงเกินมนุษย์!,Marketplace,"ด่า investor/แพลตฟอร์มที่แดกกำไรเกินควร, tone เจ็บแสบ"
10,1,ร้านค้าขาย 100 ได้แค่ 80 แม่งยังคิดว่าโอเค?,Meme,"เปรียบเทียบค่าธรรมเนียมสูงกับร้านค้า, tone ฮา/จิกกัด"
10,2,คนไทยลำบาก ขณะที่ CEO นอนนับเงิน,News/Trend,"เสียดสีความเหลื่อมล้ำ, punchline shareable"
10,3,Grab แดกค่า fee 25% แต่ก็ไม่มี zero-fee,Branding/CTA,"ด่า delivery platform, tone ตรงไปตรงมา"
10,4,ข่าว: สตาร์ทอัพใหม่ เก็บค่า fee แพงอีกแล้ว,Anti-Investor,"comment เกาะข่าว, tone เสียดสี"
10,5,เสือก! ร้านค้าได้เต็ม ผู้ใช้ได้ถูก,Marketplace,"Call to action, zero-fee branding"
10,6,ลงทุนเกินควร = กำไรเกินควร = เสือก!,Meme,"Jibe investor, punchline"
10,7,ค่าอาหาร 100 แต่คุณกิน 75? แม่งอย่าให้ fee กิน,News/Trend,"Compare cost, tone เจ็บแสบ"
10,8,CEO บอก user สำคัญ แต่ dashboard กินกำไรเอง,Branding/CTA,Satire CEO / corporate greed
10,9,X platform แม่งคิดค่าธรรมเนียมสูง แค่คิดก็เสือกแล้ว,Anti-Investor,"Direct, shareable"
10,10,ร้านค้าขายดี = user happy = investorเหงื่อตก,Marketplace,"Punchline, zero-fee pride"
10,11,ข่าว: Delivery fee พุ่ง 30% คนไทยสะเทือน,Meme,"Comment เกาะกระแส, tone เสียดสี"
10,12,ค่า fee แม่งสูงเกินมนุษย์!,News/Trend,"ด่า investor/แพลตฟอร์มที่แดกกำไรเกินควร, tone เจ็บแสบ"
10,13,ร้านค้าขาย 100 ได้แค่ 80 แม่งยังคิดว่าโอเค?,Branding/CTA,"เปรียบเทียบค่าธรรมเนียมสูงกับร้านค้า, tone ฮา/จิกกัด"
10,14,คนไทยลำบาก ขณะที่ CEO นอนนับเงิน,Anti-Investor,"เสียดสีความเหลื่อมล้ำ, punchline shareable"
10,15,Grab แดกค่า fee 25% แต่ก็ไม่มี zero-fee,Marketplace,"ด่า delivery platform, tone ตรงไปตรงมา"
10,16,ข่าว: สตาร์ทอัพใหม่ เก็บค่า fee แพงอีกแล้ว,Meme,"comment เกาะข่าว, tone เสียดสี"
10,17,เสือก! ร้านค้าได้เต็ม ผู้ใช้ได้ถูก,News/Trend,"Call to action, zero-fee branding"
10,18,ลงทุนเกินควร = กำไรเกินควร = เสือก!,Branding/CTA,"Jibe investor, punchline"
10,19,ค่าอาหาร 100 แต่คุณกิน 75? แม่งอย่าให้ fee กิน,Anti-Investor,"Compare cost, tone เจ็บแสบ"
10,20,CEO บอก user สำคัญ แต่ dashboard กินกำไรเอง,Marketplace,Satire CEO / corporate greed
10,21,X platform แม่งคิดค่าธรรมเนียมสูง แค่คิดก็เสือกแล้ว,Meme,"Direct, shareable"
10,22,ร้านค้าขายดี = user happy = investorเหงื่อตก,News/Trend,"Punchline, zero-fee pride"
10,23,ข่าว: Delivery fee พุ่ง 30% คนไทยสะเทือน,Branding/CTA,"Comment เกาะกระแส, tone เสียดสี"
11,0,ค่า fee แม่งสูงเกินมนุษย์!,Anti-Investor,"ด่า investor/แพลตฟอร์มที่แดกกำไรเกินควร, tone เจ็บแสบ"
11,1,ร้านค้าขาย 100 ได้แค่ 80 แม่งยังคิดว่าโอเค?,Marketplace,"เปรียบเทียบค่าธรรมเนียมสูงกับร้านค้า, tone ฮา/จิกกัด"
11,2,คนไทยลำบาก ขณะที่ CEO นอนนับเงิน,Meme,"เสียดสีความเหลื่อมล้ำ, punchline shareable"
11,3,Grab แดกค่า fee 25% แต่ก็ไม่มี zero-fee,News/Trend,"ด่า delivery platform, tone ตรงไปตรงมา"
11,4,ข่าว: สตาร์ทอัพใหม่ เก็บค่า fee แพงอีกแล้ว,Branding/CTA,"comment เกาะข่าว, tone เสียดสี"
11,5,เสือก! ร้านค้าได้เต็ม ผู้ใช้ได้ถูก,Anti-Investor,"Call to action, zero-fee branding"
11,6,ลงทุนเกินควร = กำไรเกินควร = เสือก!,Marketplace,"Jibe investor, punchline"
11,7,ค่าอาหาร 100 แต่คุณกิน 75? แม่งอย่าให้ fee กิน,Meme,"Compare cost, tone เจ็บแสบ"
11,8,CEO บอก user สำคัญ แต่ dashboard กินกำไรเอง,News/Trend,Satire CEO / corporate greed
11,9,X platform แม่งคิดค่าธรรมเนียมสูง แค่คิดก็เสือกแล้ว,Branding/CTA,"Direct, shareable"
11,10,ร้านค้าขายดี = user happy = investorเหงื่อตก,Anti-Investor,"Punchline, zero-fee pride"
11,11,ข่าว: Delivery fee พุ่ง 30% คนไทยสะเทือน,Marketplace,"Comment เกาะกระแส, tone เสียดสี"
11,12,ค่า fee แม่งสูงเกินมนุษย์!,Meme,"ด่า investor/แพลตฟอร์มที่แดกกำไรเกินควร, tone เจ็บแสบ"
11,13,ร้านค้าขาย 100 ได้แค่ 80 แม่งยังคิดว่าโอเค?,News/Trend,"เปรียบเทียบค่าธรรมเนียมสูงกับร้านค้า, tone ฮา/จิกกัด"
11,14,คนไทยลำบาก ขณะที่ CEO นอนนับเงิน,Branding/CTA,"เสียดสีความเหลื่อมล้ำ, punchline shareable"
11,15,Grab แดกค่า fee 25% แต่ก็ไม่มี zero-fee,Anti-Investor,"ด่า delivery platform, tone ตรงไปตรงมา"
11,16,ข่าว: สตาร์ทอัพใหม่ เก็บค่า fee แพงอีกแล้ว,Marketplace,"comment เกาะข่าว, tone เสียดสี"
11,17,เสือก! ร้านค้าได้เต็ม ผู้ใช้ได้ถูก,Meme,"Call to action, zero-fee branding"
11,18,ลงทุนเกินควร = กำไรเกินควร = เสือก!,News/Trend,"Jibe investor, punchline"
11,19,ค่าอาหาร 100 แต่คุณกิน 75? แม่งอย่าให้ fee กิน,Branding/CTA,"Compare cost, tone เจ็บแสบ"
11,20,CEO บอก user สำคัญ แต่ dashboard กินกำไรเอง,Anti-Investor,Satire CEO / corporate greed
11,21,X platform แม่งคิดค่าธรรมเนียมสูง แค่คิดก็เสือกแล้ว,Marketplace,"Direct, shareable"
11,22,ร้านค้าขายดี = user happy = investorเหงื่อตก,Meme,"Punchline, zero-fee pride"
11,23,ข่าว: Delivery fee พุ่ง 30% คนไทยสะเทือน,News/Trend,"Comment เกาะกระแส, tone เสียดสี"
12,0,ค่า fee แม่งสูงเกินมนุษย์!,Branding/CTA,"ด่า investor/แพลตฟอร์มที่แดกกำไรเกินควร, tone เจ็บแสบ"
12,1,ร้านค้าขาย 100 ได้แค่ 80 แม่งยังคิดว่าโอเค?,Anti-Investor,"เปรียบเทียบค่าธรรมเนียมสูงกับร้านค้า, tone ฮา/จิกกัด"
12,2,คนไทยลำบาก ขณะที่ CEO นอนนับเงิน,Marketplace,"เสียดสีความเหลื่อมล้ำ, punchline shareable"
12,3,Grab แดกค่า fee 25% แต่ก็ไม่มี zero-fee,Meme,"ด่า delivery platform, tone ตรงไปตรงมา"
12,4,ข่าว: สตาร์ทอัพใหม่ เก็บค่า fee แพงอีกแล้ว,News/Trend,"comment เกาะข่าว, tone เสียดสี"
12,5,เสือก! ร้านค้าได้เต็ม ผู้ใช้ได้ถูก,Branding/CTA,"Call to action, zero-fee branding"
12,6,ลงทุนเกินควร = กำไรเกินควร = เสือก!,Anti-Investor,"Jibe investor, punchline"
12,7,ค่าอาหาร 100 แต่คุณกิน 75? แม่งอย่าให้ fee กิน,Marketplace,"Compare cost, tone เจ็บแสบ"
12,8,CEO บอก user สำคัญ แต่ dashboard กินกำไรเอง,Meme,Satire CEO / corporate greed
12,9,X platform แม่งคิดค่าธรรมเนียมสูง แค่คิดก็เสือกแล้ว,News/Trend,"Direct, shareable"
12,10,ร้านค้าขายดี = user happy = investorเหงื่อตก,Branding/CTA,"Punchline, zero-fee pride"
12,11,ข่าว: Delivery fee พุ่ง 30% คนไทยสะเทือน,Anti-Investor,"Comment เกาะกระแส, tone เสียดสี"
12,12,ค่า fee แม่งสูงเกินมนุษย์!,Marketplace,"ด่า investor/แพลตฟอร์มที่แดกกำไรเกินควร, tone เจ็บแสบ"
12,13,ร้านค้าขาย 100 ได้แค่ 80 แม่งยังคิดว่าโอเค?,Meme,"เปรียบเทียบค่าธรรมเนียมสูงกับร้านค้า, tone ฮา/จิกกัด"
12,14,คนไทยลำบาก ขณะที่ CEO นอนนับเงิน,News/Trend,"เสียดสีความเหลื่อมล้ำ, punchline shareable"
12,15,Grab แดกค่า fee 25% แต่ก็ไม่มี zero-fee,Branding/CTA,"ด่า delivery platform, tone ตรงไปตรงมา"
12,16,ข่าว: สตาร์ทอัพใหม่ เก็บค่า fee แพงอีกแล้ว,Anti-Investor,"comment เกาะข่าว, tone เสียดสี"
12,17,เสือก! ร้านค้าได้เต็ม ผู้ใช้ได้ถูก,Marketplace,"Call to action, zero-fee branding"
12,18,ลงทุนเกินควร = กำไรเกินควร = เสือก!,Meme,"Jibe investor, punchline"
12,19,ค่าอาหาร 100 แต่คุณกิน 75? แม่งอย่าให้ fee กิน,News/Trend,"Compare cost, tone เจ็บแสบ"
12,20,CEO บอก user สำคัญ แต่ dashboard กินกำไรเอง,Branding/CTA,Satire CEO / corporate greed
12,21,X platform แม่งคิดค่าธรรมเนียมสูง แค่คิดก็เสือกแล้ว,Anti-Investor,"Direct, shareable"
12,22,ร้านค้าขายดี = user happy = investorเหงื่อตก,Marketplace,"Punchline, zero-fee pride"
12,23,ข่าว: Delivery fee พุ่ง 30% คนไทยสะเทือน,Meme,"Comment เกาะกระแส, tone เสียดสี"
13,0,ค่า fee แม่งสูงเกินมนุษย์!,News/Trend,"ด่า investor/แพลตฟอร์มที่แดกกำไรเกินควร, tone เจ็บแสบ"
13,1,ร้านค้าขาย 100 ได้แค่ 80 แม่งยังคิดว่าโอเค?,Branding/CTA,"เปรียบเทียบค่าธรรมเนียมสูงกับร้านค้า, tone ฮา/จิกกัด"
13,2,คนไทยลำบาก ขณะที่ CEO นอนนับเงิน,Anti-Investor,"เสียดสีความเหลื่อมล้ำ, punchline shareable"
13,3,Grab แดกค่า fee 25% แต่ก็ไม่มี zero-fee,Marketplace,"ด่า delivery platform, tone ตรงไปตรงมา"
13,4,ข่าว: สตาร์ทอัพใหม่ เก็บค่า fee แพงอีกแล้ว,Meme,"comment เกาะข่าว, tone เสียดสี"
13,5,เสือก! ร้านค้าได้เต็ม ผู้ใช้ได้ถูก,News/Trend,"Call to action, zero-fee branding"
13,6,ลงทุนเกินควร = กำไรเกินควร = เสือก!,Branding/CTA,"Jibe investor, punchline"
13,7,ค่าอาหาร 100 แต่คุณกิน 75? แม่งอย่าให้ fee กิน,Anti-Investor,"Compare cost, tone เจ็บแสบ"
13,8,CEO บอก user สำคัญ แต่ dashboard กินกำไรเอง,Marketplace,Satire CEO / corporate greed
13,9,X platform แม่งคิดค่าธรรมเนียมสูง แค่คิดก็เสือกแล้ว,Meme,"Direct, shareable"
13,10,ร้านค้าขายดี = user happy = investorเหงื่อตก,News/Trend,"Punchline, zero-fee pride"
13,11,ข่าว: Delivery fee พุ่ง 30% คนไทยสะเทือน,Branding/CTA,"Comment เกาะกระแส, tone เสียดสี"
13,12,ค่า fee แม่งสูงเกินมนุษย์!,Anti-Investor,"ด่า investor/แพลตฟอร์มที่แดกกำไรเกินควร, tone เจ็บแสบ"
13,13,ร้านค้าขาย 100 ได้แค่ 80 แม่งยังคิดว่าโอเค?,Marketplace,"เปรียบเทียบค่าธรรมเนียมสูงกับร้านค้า, tone ฮา/จิกกัด"
13,14,คนไทยลำบาก ขณะที่ CEO นอนนับเงิน,Meme,"เสียดสีความเหลื่อมล้ำ, punchline shareable"
13,15,Grab แดกค่า fee 25% แต่ก็ไม่มี zero-fee,News/Trend,"ด่า delivery platform, tone ตรงไปตรงมา"
13,16,ข่าว: สตาร์ทอัพใหม่ เก็บค่า fee แพงอีกแล้ว,Branding/CTA,"comment เกาะข่าว, tone เสียดสี"
13,17,เสือก! ร้านค้าได้เต็ม ผู้ใช้ได้ถูก,Anti-Investor,"Call to action, zero-fee branding"
13,18,ลงทุนเกินควร = กำไรเกินควร = เสือก!,Marketplace,"Jibe investor, punchline"
13,19,ค่าอาหาร 100 แต่คุณกิน 75? แม่งอย่าให้ fee กิน,Meme,"Compare cost, tone เจ็บแสบ"
13,20,CEO บอก user สำคัญ แต่ dashboard กินกำไรเอง,News/Trend,Satire CEO / corporate greed
13,21,X platform แม่งคิดค่าธรรมเนียมสูง แค่คิดก็เสือกแล้ว,Branding/CTA,"Direct, shareable"
13,22,ร้านค้าขายดี = user happy = investorเหงื่อตก,Anti-Investor,"Punchline, zero-fee pride"
13,23,ข่าว: Delivery fee พุ่ง 30% คนไทยสะเทือน,Marketplace,"Comment เกาะกระแส, tone เสียดสี"
14,0,ค่า fee แม่งสูงเกินมนุษย์!,Meme,"ด่า investor/แพลตฟอร์มที่แดกกำไรเกินควร, tone เจ็บแสบ"
14,1,ร้านค้าขาย 100 ได้แค่ 80 แม่งยังคิดว่าโอเค?,News/Trend,"เปรียบเทียบค่าธรรมเนียมสูงกับร้านค้า, tone ฮา/จิกกัด"
14,2,คนไทยลำบาก ขณะที่ CEO นอนนับเงิน,Branding/CTA,"เสียดสีความเหลื่อมล้ำ, punchline shareable"
14,3,Grab แดกค่า fee 25% แต่ก็ไม่มี zero-fee,Anti-Investor,"ด่า delivery platform, tone ตรงไปตรงมา"
14,4,ข่าว: สตาร์ทอัพใหม่ เก็บค่า fee แพงอีกแล้ว,Marketplace,"comment เกาะข่าว, tone เสียดสี"
14,5,เสือก! ร้านค้าได้เต็ม ผู้ใช้ได้ถูก,Meme,"Call to action, zero-fee branding"
14,6,ลงทุนเกินควร = กำไรเกินควร = เสือก!,News/Trend,"Jibe investor, punchline"
14,7,ค่าอาหาร 100 แต่คุณกิน 75? แม่งอย่าให้ fee กิน,Branding/CTA,"Compare cost, tone เจ็บแสบ"
14,8,CEO บอก user สำคัญ แต่ dashboard กินกำไรเอง,Anti-Investor,Satire CEO / corporate greed
14,9,X platform แม่งคิดค่าธรรมเนียมสูง แค่คิดก็เสือกแล้ว,Marketplace,"Direct, shareable"
14,10,ร้านค้าขายดี = user happy = investorเหงื่อตก,Meme,"Punchline, zero-fee pride"
14,11,ข่าว: Delivery fee พุ่ง 30% คนไทยสะเทือน,News/Trend,"Comment เกาะกระแส, tone เสียดสี"
14,12,ค่า fee แม่งสูงเกินมนุษย์!,Branding/CTA,"ด่า investor/แพลตฟอร์มที่แดกกำไรเกินควร, tone เจ็บแสบ"
14,13,ร้านค้าขาย 100 ได้แค่ 80 แม่งยังคิดว่าโอเค?,Anti-Investor,"เปรียบเทียบค่าธรรมเนียมสูงกับร้านค้า, tone ฮา/จิกกัด"
14,14,คนไทยลำบาก ขณะที่ CEO นอนนับเงิน,Marketplace,"เสียดสีความเหลื่อมล้ำ, punchline shareable"
14,15,Grab แดกค่า fee 25% แต่ก็ไม่มี zero-fee,Meme,"ด่า delivery platform, tone ตรงไปตรงมา"
14,16,ข่าว: สตาร์ทอัพใหม่ เก็บค่า fee แพงอีกแล้ว,News/Trend,"comment เกาะข่าว, tone เสียดสี"
14,17,เสือก! ร้านค้าได้เต็ม ผู้ใช้ได้ถูก,Branding/CTA,"Call to action, zero-fee branding"
14,18,ลงทุนเกินควร = กำไรเกินควร = เสือก!,Anti-Investor,"Jibe investor, punchline"
14,19,ค่าอาหาร 100 แต่คุณกิน 75? แม่งอย่าให้ fee กิน,Marketplace,"Compare cost, tone เจ็บแสบ"
14,20,CEO บอก user สำคัญ แต่ dashboard กินกำไรเอง,Meme,Satire CEO / corporate greed
14,21,X platform แม่งคิดค่าธรรมเนียมสูง แค่คิดก็เสือกแล้ว,News/Trend,"Direct, shareable"
14,22,ร้านค้าขายดี = user happy = investorเหงื่อตก,Branding/CTA,"Punchline, zero-fee pride"
14,23,ข่าว: Delivery fee พุ่ง 30% คนไทยสะเทือน,Anti-Investor,"Comment เกาะกระแส, tone เสียดสี"
15,0,ค่า fee แม่งสูงเกินมนุษย์!,Marketplace,"ด่า investor/แพลตฟอร์มที่แดกกำไรเกินควร, tone เจ็บแสบ"
15,1,ร้านค้าขาย 100 ได้แค่ 80 แม่งยังคิดว่าโอเค?,Meme,"เปรียบเทียบค่าธรรมเนียมสูงกับร้านค้า, tone ฮา/จิกกัด"
15,2,คนไทยลำบาก ขณะที่ CEO นอนนับเงิน,News/Trend,"เสียดสีความเหลื่อมล้ำ, punchline shareable"
15,3,Grab แดกค่า fee 25% แต่ก็ไม่มี zero-fee,Branding/CTA,"ด่า delivery platform, tone ตรงไปตรงมา"
15,4,ข่าว: สตาร์ทอัพใหม่ เก็บค่า fee แพงอีกแล้ว,Anti-Investor,"comment เกาะข่าว, tone เสียดสี"
15,5,เสือก! ร้านค้าได้เต็ม ผู้ใช้ได้ถูก,Marketplace,"Call to action, zero-fee branding"
15,6,ลงทุนเกินควร = กำไรเกินควร = เสือก!,Meme,"Jibe investor, punchline"
15,7,ค่าอาหาร 100 แต่คุณกิน 75? แม่งอย่าให้ fee กิน,News/Trend,"Compare cost, tone เจ็บแสบ"
15,8,CEO บอก user สำคัญ แต่ dashboard กินกำไรเอง,Branding/CTA,Satire CEO / corporate greed
15,9,X platform แม่งคิดค่าธรรมเนียมสูง แค่คิดก็เสือกแล้ว,Anti-Investor,"Direct, shareable"
15,10,ร้านค้าขายดี = user happy = investorเหงื่อตก,Marketplace,"Punchline, zero-fee pride"
15,11,ข่าว: Delivery fee พุ่ง 30% คนไทยสะเทือน,Meme,"Comment เกาะกระแส, tone เสียดสี"
15,12,ค่า fee แม่งสูงเกินมนุษย์!,News/Trend,"ด่า investor/แพลตฟอร์มที่แดกกำไรเกินควร, tone เจ็บแสบ"
15,13,ร้านค้าขาย 100 ได้แค่ 80 แม่งยังคิดว่าโอเค?,Branding/CTA,"เปรียบเทียบค่าธรรมเนียมสูงกับร้านค้า, tone ฮา/จิกกัด"
15,14,คนไทยลำบาก ขณะที่ CEO นอนนับเงิน,Anti-Investor,"เสียดสีความเหลื่อมล้ำ, punchline shareable"
15,15,Grab แดกค่า fee 25% แต่ก็ไม่มี zero-fee,Marketplace,"ด่า delivery platform, tone ตรงไปตรงมา"
15,16,ข่าว: สตาร์ทอัพใหม่ เก็บค่า fee แพงอีกแล้ว,Meme,"comment เกาะข่าว, tone เสียดสี"
15,17,เสือก! ร้านค้าได้เต็ม ผู้ใช้ได้ถูก,News/Trend,"Call to action, zero-fee branding"
15,18,ลงทุนเกินควร = กำไรเกินควร = เสือก!,Branding/CTA,"Jibe investor, punchline"
15,19,ค่าอาหาร 100 แต่คุณกิน 75? แม่งอย่าให้ fee กิน,Anti-Investor,"Compare cost, tone เจ็บแสบ"
15,20,CEO บอก user สำคัญ แต่ dashboard กินกำไรเอง,Marketplace,Satire CEO / corporate greed
15,21,X platform แม่งคิดค่าธรรมเนียมสูง แค่คิดก็เสือกแล้ว,Meme,"Direct, shareable"
15,22,ร้านค้าขายดี = user happy = investorเหงื่อตก,News/Trend,"Punchline, zero-fee pride"
15,23,ข่าว: Delivery fee พุ่ง 30% คนไทยสะเทือน,Branding/CTA,"Comment เกาะกระแส, tone เสียดสี"
16,0,ค่า fee แม่งสูงเกินมนุษย์!,Anti-Investor,"ด่า investor/แพลตฟอร์มที่แดกกำไรเกินควร, tone เจ็บแสบ"
16,1,ร้านค้าขาย 100 ได้แค่ 80 แม่งยังคิดว่าโอเค?,Marketplace,"เปรียบเทียบค่าธรรมเนียมสูงกับร้านค้า, tone ฮา/จิกกัด"
16,2,คนไทยลำบาก ขณะที่ CEO นอนนับเงิน,Meme,"เสียดสีความเหลื่อมล้ำ, punchline shareable"
16,3,Grab แดกค่า fee 25% แต่ก็ไม่มี zero-fee,News/Trend,"ด่า delivery platform, tone ตรงไปตรงมา"
16,4,ข่าว: สตาร์ทอัพใหม่ เก็บค่า fee แพงอีกแล้ว,Branding/CTA,"comment เกาะข่าว, tone เสียดสี"
16,5,เสือก! ร้านค้าได้เต็ม ผู้ใช้ได้ถูก,Anti-Investor,"Call to action, zero-fee branding"
16,6,ลงทุนเกินควร = กำไรเกินควร = เสือก!,Marketplace,"Jibe investor, punchline"
16,7,ค่าอาหาร 100 แต่คุณกิน 75? แม่งอย่าให้ fee กิน,Meme,"Compare cost, tone เจ็บแสบ"
16,8,CEO บอก user สำคัญ แต่ dashboard กินกำไรเอง,News/Trend,Satire CEO / corporate greed
16,9,X platform แม่งคิดค่าธรรมเนียมสูง แค่คิดก็เสือกแล้ว,Branding/CTA,"Direct, shareable"
16,10,ร้านค้าขายดี = user happy = investorเหงื่อตก,Anti-Investor,"Punchline, zero-fee pride"
16,11,ข่าว: Delivery fee พุ่ง 30% คนไทยสะเทือน,Marketplace,"Comment เกาะกระแส, tone เสียดสี"
16,12,ค่า fee แม่งสูงเกินมนุษย์!,Meme,"ด่า investor/แพลตฟอร์มที่แดกกำไรเกินควร, tone เจ็บแสบ"
16,13,ร้านค้าขาย 100 ได้แค่ 80 แม่งยังคิดว่าโอเค?,News/Trend,"เปรียบเทียบค่าธรรมเนียมสูงกับร้านค้า, tone ฮา/จิกกัด"
16,14,คนไทยลำบาก ขณะที่ CEO นอนนับเงิน,Branding/CTA,"เสียดสีความเหลื่อมล้ำ, punchline shareable"
16,15,Grab แดกค่า fee 25% แต่ก็ไม่มี zero-fee,Anti-Investor,"ด่า delivery platform, tone ตรงไปตรงมา"
16,16,ข่าว: สตาร์ทอัพใหม่ เก็บค่า fee แพงอีกแล้ว,Marketplace,"comment เกาะข่าว, tone เสียดสี"
16,17,เสือก! ร้านค้าได้เต็ม ผู้ใช้ได้ถูก,Meme,"Call to action, zero-fee branding"
16,18,ลงทุนเกินควร = กำไรเกินควร = เสือก!,News/Trend,"Jibe investor, punchline"
16,19,ค่าอาหาร 100 แต่คุณกิน 75? แม่งอย่าให้ fee กิน,Branding/CTA,"Compare cost, tone เจ็บแสบ"
16,20,CEO บอก user สำคัญ แต่ dashboard กินกำไรเอง,Anti-Investor,Satire CEO / corporate greed
16,21,X platform แม่งคิดค่าธรรมเนียมสูง แค่คิดก็เสือกแล้ว,Marketplace,"Direct, shareable"
16,22,ร้านค้าขายดี = user happy = investorเหงื่อตก,Meme,"Punchline, zero-fee pride"
16,23,ข่าว: Delivery fee พุ่ง 30% คนไทยสะเทือน,News/Trend,"Comment เกาะกระแส, tone เสียดสี"
17,0,ค่า fee แม่งสูงเกินมนุษย์!,Branding/CTA,"ด่า investor/แพลตฟอร์มที่แดกกำไรเกินควร, tone เจ็บแสบ"
17,1,ร้านค้าขาย 100 ได้แค่ 80 แม่งยังคิดว่าโอเค?,Anti-Investor,"เปรียบเทียบค่าธรรมเนียมสูงกับร้านค้า, tone ฮา/จิกกัด"
17,2,คนไทยลำบาก ขณะที่ CEO นอนนับเงิน,Marketplace,"เสียดสีความเหลื่อมล้ำ, punchline shareable"
17,3,Grab แดกค่า fee 25% แต่ก็ไม่มี zero-fee,Meme,"ด่า delivery platform, tone ตรงไปตรงมา"
17,4,ข่าว: สตาร์ทอัพใหม่ เก็บค่า fee แพงอีกแล้ว,News/Trend,"comment เกาะข่าว, tone เสียดสี"
17,5,เสือก! ร้านค้าได้เต็ม ผู้ใช้ได้ถูก,Branding/CTA,"Call to action, zero-fee branding"
17,6,ลงทุนเกินควร = กำไรเกินควร = เสือก!,Anti-Investor,"Jibe investor, punchline"
17,7,ค่าอาหาร 100 แต่คุณกิน 75? แม่งอย่าให้ fee กิน,Marketplace,"Compare cost, tone เจ็บแสบ"
17,8,CEO บอก user สำคัญ แต่ dashboard กินกำไรเอง,Meme,Satire CEO / corporate greed
17,9,X platform แม่งคิดค่าธรรมเนียมสูง แค่คิดก็เสือกแล้ว,News/Trend,"Direct, shareable"
17,10,ร้านค้าขายดี = user happy = investorเหงื่อตก,Branding/CTA,"Punchline, zero-fee pride"
17,11,ข่าว: Delivery fee พุ่ง 30% คนไทยสะเทือน,Anti-Investor,"Comment เกาะกระแส, tone เสียดสี"
17,12,ค่า fee แม่งสูงเกินมนุษย์!,Marketplace,"ด่า investor/แพลตฟอร์มที่แดกกำไรเกินควร, tone เจ็บแสบ"
17,13,ร้านค้าขาย 100 ได้แค่ 80 แม่งยังคิดว่าโอเค?,Meme,"เปรียบเทียบค่าธรรมเนียมสูงกับร้านค้า, tone ฮา/จิกกัด"
17,14,คนไทยลำบาก ขณะที่ CEO นอนนับเงิน,News/Trend,"เสียดสีความเหลื่อมล้ำ, punchline shareable"
17,15,Grab แดกค่า fee 25% แต่ก็ไม่มี zero-fee,Branding/CTA,"ด่า delivery platform, tone ตรงไปตรงมา"
17,16,ข่าว: สตาร์ทอัพใหม่ เก็บค่า fee แพงอีกแล้ว,Anti-Investor,"comment เกาะข่าว, tone เสียดสี"
17,17,เสือก! ร้านค้าได้เต็ม ผู้ใช้ได้ถูก,Marketplace,"Call to action, zero-fee branding"
17,18,ลงทุนเกินควร = กำไรเกินควร = เสือก!,Meme,"Jibe investor, punchline"
17,19,ค่าอาหาร 100 แต่คุณกิน 75? แม่งอย่าให้ fee กิน,News/Trend,"Compare cost, tone เจ็บแสบ"
17,20,CEO บอก user สำคัญ แต่ dashboard กินกำไรเอง,Branding/CTA,Satire CEO / corporate greed
17,21,X platform แม่งคิดค่าธรรมเนียมสูง แค่คิดก็เสือกแล้ว,Anti-Investor,"Direct, shareable"
17,22,ร้านค้าขายดี = user happy = investorเหงื่อตก,Marketplace,"Punchline, zero-fee pride"
17,23,ข่าว: Delivery fee พุ่ง 30% คนไทยสะเทือน,Meme,"Comment เกาะกระแส, tone เสียดสี"
18,0,ค่า fee แม่งสูงเกินมนุษย์!,News/Trend,"ด่า investor/แพลตฟอร์มที่แดกกำไรเกินควร, tone เจ็บแสบ"
18,1,ร้านค้าขาย 100 ได้แค่ 80 แม่งยังคิดว่าโอเค?,Branding/CTA,"เปรียบเทียบค่าธรรมเนียมสูงกับร้านค้า, tone ฮา/จิกกัด"
18,2,คนไทยลำบาก ขณะที่ CEO นอนนับเงิน,Anti-Investor,"เสียดสีความเหลื่อมล้ำ, punchline shareable"
18,3,Grab แดกค่า fee 25% แต่ก็ไม่มี zero-fee,Marketplace,"ด่า delivery platform, tone ตรงไปตรงมา"
18,4,ข่าว: สตาร์ทอัพใหม่ เก็บค่า fee แพงอีกแล้ว,Meme,"comment เกาะข่าว, tone เสียดสี"
18,5,เสือก! ร้านค้าได้เต็ม ผู้ใช้ได้ถูก,News/Trend,"Call to action, zero-fee branding"
18,6,ลงทุนเกินควร = กำไรเกินควร = เสือก!,Branding/CTA,"Jibe investor, punchline"
18,7,ค่าอาหาร 100 แต่คุณกิน 75? แม่งอย่าให้ fee กิน,Anti-Investor,"Compare cost, tone เจ็บแสบ"
18,8,CEO บอก user สำคัญ แต่ dashboard กินกำไรเอง,Marketplace,Satire CEO / corporate greed
18,9,X platform แม่งคิดค่าธรรมเนียมสูง แค่คิดก็เสือกแล้ว,Meme,"Direct, shareable"
18,10,ร้านค้าขายดี = user happy = investorเหงื่อตก,News/Trend,"Punchline, zero-fee pride"
18,11,ข่าว: Delivery fee พุ่ง 30% คนไทยสะเทือน,Branding/CTA,"Comment เกาะกระแส, tone เสียดสี"
18,12,ค่า fee แม่งสูงเกินมนุษย์!,Anti-Investor,"ด่า investor/แพลตฟอร์มที่แดกกำไรเกินควร, tone เจ็บแสบ"
18,13,ร้านค้าขาย 100 ได้แค่ 80 แม่งยังคิดว่าโอเค?,Marketplace,"เปรียบเทียบค่าธรรมเนียมสูงกับร้านค้า, tone ฮา/จิกกัด"
18,14,คนไทยลำบาก ขณะที่ CEO นอนนับเงิน,Meme,"เสียดสีความเหลื่อมล้ำ, punchline shareable"
18,15,Grab แดกค่า fee 25% แต่ก็ไม่มี zero-fee,News/Trend,"ด่า delivery platform, tone ตรงไปตรงมา"
18,16,ข่าว: สตาร์ทอัพใหม่ เก็บค่า fee แพงอีกแล้ว,Branding/CTA,"comment เกาะข่าว, tone เสียดสี"
18,17,เสือก! ร้านค้าได้เต็ม ผู้ใช้ได้ถูก,Anti-Investor,"Call to action, zero-fee branding"
18,18,ลงทุนเกินควร = กำไรเกินควร = เสือก!,Marketplace,"Jibe investor, punchline"
18,19,ค่าอาหาร 100 แต่คุณกิน 75? แม่งอย่าให้ fee กิน,Meme,"Compare cost, tone เจ็บแสบ"
18,20,CEO บอก user สำคัญ แต่ dashboard กินกำไรเอง,News/Trend,Satire CEO / corporate greed
18,21,X platform แม่งคิดค่าธรรมเนียมสูง แค่คิดก็เสือกแล้ว,Branding/CTA,"Direct, shareable"
18,22,ร้านค้าขายดี = user happy = investorเหงื่อตก,Anti-Investor,"Punchline, zero-fee pride"
18,23,ข่าว: Delivery fee พุ่ง 30% คนไทยสะเทือน,Marketplace,"Comment เกาะกระแส, tone เสียดสี"
19,0,ค่า fee แม่งสูงเกินมนุษย์!,Meme,"ด่า investor/แพลตฟอร์มที่แดกกำไรเกินควร, tone เจ็บแสบ"
19,1,ร้านค้าขาย 100 ได้แค่ 80 แม่งยังคิดว่าโอเค?,News/Trend,"เปรียบเทียบค่าธรรมเนียมสูงกับร้านค้า, tone ฮา/จิกกัด"
19,2,คนไทยลำบาก ขณะที่ CEO นอนนับเงิน,Branding/CTA,"เสียดสีความเหลื่อมล้ำ, punchline shareable"
19,3,Grab แดกค่า fee 25% แต่ก็ไม่มี zero-fee,Anti-Investor,"ด่า delivery platform, tone ตรงไปตรงมา"
19,4,ข่าว: สตาร์ทอัพใหม่ เก็บค่า fee แพงอีกแล้ว,Marketplace,"comment เกาะข่าว, tone เสียดสี"
19,5,เสือก! ร้านค้าได้เต็ม ผู้ใช้ได้ถูก,Meme,"Call to action, zero-fee branding"
19,6,ลงทุนเกินควร = กำไรเกินควร = เสือก!,News/Trend,"Jibe investor, punchline"
19,7,ค่าอาหาร 100 แต่คุณกิน 75? แม่งอย่าให้ fee กิน,Branding/CTA,"Compare cost, tone เจ็บแสบ"
19,8,CEO บอก user สำคัญ แต่ dashboard กินกำไรเอง,Anti-Investor,Satire CEO / corporate greed
19,9,X platform แม่งคิดค่าธรรมเนียมสูง แค่คิดก็เสือกแล้ว,Marketplace,"Direct, shareable"
19,10,ร้านค้าขายดี = user happy = investorเหงื่อตก,Meme,"Punchline, zero-fee pride"
19,11,ข่าว: Delivery fee พุ่ง 30% คนไทยสะเทือน,News/Trend,"Comment เกาะกระแส, tone เสียดสี"
19,12,ค่า fee แม่งสูงเกินมนุษย์!,Branding/CTA,"ด่า investor/แพลตฟอร์มที่แดกกำไรเกินควร, tone เจ็บแสบ"
19,13,ร้านค้าขาย 100 ได้แค่ 80 แม่งยังคิดว่าโอเค?,Anti-Investor,"เปรียบเทียบค่าธรรมเนียมสูงกับร้านค้า, tone ฮา/จิกกัด"
19,14,คนไทยลำบาก ขณะที่ CEO นอนนับเงิน,Marketplace,"เสียดสีความเหลื่อมล้ำ, punchline shareable"
19,15,Grab แดกค่า fee 25% แต่ก็ไม่มี zero-fee,Meme,"ด่า delivery platform, tone ตรงไปตรงมา"
19,16,ข่าว: สตาร์ทอัพใหม่ เก็บค่า fee แพงอีกแล้ว,News/Trend,"comment เกาะข่าว, tone เสียดสี"
19,17,เสือก! ร้านค้าได้เต็ม ผู้ใช้ได้ถูก,Branding/CTA,"Call to action, zero-fee branding"
19,18,ลงทุนเกินควร = กำไรเกินควร = เสือก!,Anti-Investor,"Jibe investor, punchline"
19,19,ค่าอาหาร 100 แต่คุณกิน 75? แม่งอย่าให้ fee กิน,Marketplace,"Compare cost, tone เจ็บแสบ"
19,20,CEO บอก user สำคัญ แต่ dashboard กินกำไรเอง,Meme,Satire CEO / corporate greed
19,21,X platform แม่งคิดค่าธรรมเนียมสูง แค่คิดก็เสือกแล้ว,News/Trend,"Direct, shareable"
19,22,ร้านค้าขายดี = user happy = investorเหงื่อตก,Branding/CTA,"Punchline, zero-fee pride"
19,23,ข่าว: Delivery fee พุ่ง 30% คนไทยสะเทือน,Anti-Investor,"Comment เกาะกระแส, tone เสียดสี"
20,0,ค่า fee แม่งสูงเกินมนุษย์!,Marketplace,"ด่า investor/แพลตฟอร์มที่แดกกำไรเกินควร, tone เจ็บแสบ"
20,1,ร้านค้าขาย 100 ได้แค่ 80 แม่งยังคิดว่าโอเค?,Meme,"เปรียบเทียบค่าธรรมเนียมสูงกับร้านค้า, tone ฮา/จิกกัด"
20,2,คนไทยลำบาก ขณะที่ CEO นอนนับเงิน,News/Trend,"เสียดสีความเหลื่อมล้ำ, punchline shareable"
20,3,Grab แดกค่า fee 25% แต่ก็ไม่มี zero-fee,Branding/CTA,"ด่า delivery platform, tone ตรงไปตรงมา"
20,4,ข่าว: สตาร์ทอัพใหม่ เก็บค่า fee แพงอีกแล้ว,Anti-Investor,"comment เกาะข่าว, tone เสียดสี"
20,5,เสือก! ร้านค้าได้เต็ม ผู้ใช้ได้ถูก,Marketplace,"Call to action, zero-fee branding"
20,6,ลงทุนเกินควร = กำไรเกินควร = เสือก!,Meme,"Jibe investor, punchline"
20,7,ค่าอาหาร 100 แต่คุณกิน 75? แม่งอย่าให้ fee กิน,News/Trend,"Compare cost, tone เจ็บแสบ"
20,8,CEO บอก user สำคัญ แต่ dashboard กินกำไรเอง,Branding/CTA,Satire CEO / corporate greed
20,9,X platform แม่งคิดค่าธรรมเนียมสูง แค่คิดก็เสือกแล้ว,Anti-Investor,"Direct, shareable"
20,10,ร้านค้าขายดี = user happy = investorเหงื่อตก,Marketplace,"Punchline, zero-fee pride"
20,11,ข่าว: Delivery fee พุ่ง 30% คนไทยสะเทือน,Meme,"Comment เกาะกระแส, tone เสียดสี"
20,12,ค่า fee แม่งสูงเกินมนุษย์!,News/Trend,"ด่า investor/แพลตฟอร์มที่แดกกำไรเกินควร, tone เจ็บแสบ"
20,13,ร้านค้าขาย 100 ได้แค่ 80 แม่งยังคิดว่าโอเค?,Branding/CTA,"เปรียบเทียบค่าธรรมเนียมสูงกับร้านค้า, tone ฮา/จิกกัด"
20,14,คนไทยลำบาก ขณะที่ CEO นอนนับเงิน,Anti-Investor,"เสียดสีความเหลื่อมล้ำ, punchline shareable"
20,15,Grab แดกค่า fee 25% แต่ก็ไม่มี zero-fee,Marketplace,"ด่า delivery platform, tone ตรงไปตรงมา"
20,16,ข่าว: สตาร์ทอัพใหม่ เก็บค่า fee แพงอีกแล้ว,Meme,"comment เกาะข่าว, tone เสียดสี"
20,17,เสือก! ร้านค้าได้เต็ม ผู้ใช้ได้ถูก,News/Trend,"Call to action, zero-fee branding"
20,18,ลงทุนเกินควร = กำไรเกินควร = เสือก!,Branding/CTA,"Jibe investor, punchline"
20,19,ค่าอาหาร 100 แต่คุณกิน 75? แม่งอย่าให้ fee กิน,Anti-Investor,"Compare cost, tone เจ็บแสบ"
20,20,CEO บอก user สำคัญ แต่ dashboard กินกำไรเอง,Marketplace,Satire CEO / corporate greed
20,21,X platform แม่งคิดค่าธรรมเนียมสูง แค่คิดก็เสือกแล้ว,Meme,"Direct, shareable"
20,22,ร้านค้าขายดี = user happy = investorเหงื่อตก,News/Trend,"Punchline, zero-fee pride"
20,23,ข่าว: Delivery fee พุ่ง 30% คนไทยสะเทือน,Branding/CTA,"Comment เกาะกระแส, tone เสียดสี"
21,0,ค่า fee แม่งสูงเกินมนุษย์!,Anti-Investor,"ด่า investor/แพลตฟอร์มที่แดกกำไรเกินควร, tone เจ็บแสบ"
21,1,ร้านค้าขาย 100 ได้แค่ 80 แม่งยังคิดว่าโอเค?,Marketplace,"เปรียบเทียบค่าธรรมเนียมสูงกับร้านค้า, tone ฮา/จิกกัด"
21,2,คนไทยลำบาก ขณะที่ CEO นอนนับเงิน,Meme,"เสียดสีความเหลื่อมล้ำ, punchline shareable"
21,3,Grab แดกค่า fee 25% แต่ก็ไม่มี zero-fee,News/Trend,"ด่า delivery platform, tone ตรงไปตรงมา"
21,4,ข่าว: สตาร์ทอัพใหม่ เก็บค่า fee แพงอีกแล้ว,Branding/CTA,"comment เกาะข่าว, tone เสียดสี"
21,5,เสือก! ร้านค้าได้เต็ม ผู้ใช้ได้ถูก,Anti-Investor,"Call to action, zero-fee branding"
21,6,ลงทุนเกินควร = กำไรเกินควร = เสือก!,Marketplace,"Jibe investor, punchline"
21,7,ค่าอาหาร 100 แต่คุณกิน 75? แม่งอย่าให้ fee กิน,Meme,"Compare cost, tone เจ็บแสบ"
21,8,CEO บอก user สำคัญ แต่ dashboard กินกำไรเอง,News/Trend,Satire CEO / corporate greed
21,9,X platform แม่งคิดค่าธรรมเนียมสูง แค่คิดก็เสือกแล้ว,Branding/CTA,"Direct, shareable"
21,10,ร้านค้าขายดี = user happy = investorเหงื่อตก,Anti-Investor,"Punchline, zero-fee pride"
21,11,ข่าว: Delivery fee พุ่ง 30% คนไทยสะเทือน,Marketplace,"Comment เกาะกระแส, tone เสียดสี"
21,12,ค่า fee แม่งสูงเกินมนุษย์!,Meme,"ด่า investor/แพลตฟอร์มที่แดกกำไรเกินควร, tone เจ็บแสบ"
21,13,ร้านค้าขาย 100 ได้แค่ 80 แม่งยังคิดว่าโอเค?,News/Trend,"เปรียบเทียบค่าธรรมเนียมสูงกับร้านค้า, tone ฮา/จิกกัด"
21,14,คนไทยลำบาก ขณะที่ CEO นอนนับเงิน,Branding/CTA,"เสียดสีความเหลื่อมล้ำ, punchline shareable"
21,15,Grab แดกค่า fee 25% แต่ก็ไม่มี zero-fee,Anti-Investor,"ด่า delivery platform, tone ตรงไปตรงมา"
21,16,ข่าว: สตาร์ทอัพใหม่ เก็บค่า fee แพงอีกแล้ว,Marketplace,"comment เกาะข่าว, tone เสียดสี"
21,17,เสือก! ร้านค้าได้เต็ม ผู้ใช้ได้ถูก,Meme,"Call to action, zero-fee branding"
21,18,ลงทุนเกินควร = กำไรเกินควร = เสือก!,News/Trend,"Jibe investor, punchline"
21,19,ค่าอาหาร 100 แต่คุณกิน 75? แม่งอย่าให้ fee กิน,Branding/CTA,"Compare cost, tone เจ็บแสบ"
21,20,CEO บอก user สำคัญ แต่ dashboard กินกำไรเอง,Anti-Investor,Satire CEO / corporate greed
21,21,X platform แม่งคิดค่าธรรมเนียมสูง แค่คิดก็เสือกแล้ว,Marketplace,"Direct, shareable"
21,22,ร้านค้าขายดี = user happy = investorเหงื่อตก,Meme,"Punchline, zero-fee pride"
21,23,ข่าว: Delivery fee พุ่ง 30% คนไทยสะเทือน,News/Trend,"Comment เกาะกระแส, tone เสียดสี"
22,0,ค่า fee แม่งสูงเกินมนุษย์!,Branding/CTA,"ด่า investor/แพลตฟอร์มที่แดกกำไรเกินควร, tone เจ็บแสบ"
22,1,ร้านค้าขาย 100 ได้แค่ 80 แม่งยังคิดว่าโอเค?,Anti-Investor,"เปรียบเทียบค่าธรรมเนียมสูงกับร้านค้า, tone ฮา/จิกกัด"
22,2,คนไทยลำบาก ขณะที่ CEO นอนนับเงิน,Marketplace,"เสียดสีความเหลื่อมล้ำ, punchline shareable"
22,3,Grab แดกค่า fee 25% แต่ก็ไม่มี zero-fee,Meme,"ด่า delivery platform, tone ตรงไปตรงมา"
22,4,ข่าว: สตาร์ทอัพใหม่ เก็บค่า fee แพงอีกแล้ว,News/Trend,"comment เกาะข่าว, tone เสียดสี"
22,5,เสือก! ร้านค้าได้เต็ม ผู้ใช้ได้ถูก,Branding/CTA,"Call to action, zero-fee branding"
22,6,ลงทุนเกินควร = กำไรเกินควร = เสือก!,Anti-Investor,"Jibe investor, punchline"
22,7,ค่าอาหาร 100 แต่คุณกิน 75? แม่งอย่าให้ fee กิน,Marketplace,"Compare cost, tone เจ็บแสบ"
22,8,CEO บอก user สำคัญ แต่ dashboard กินกำไรเอง,Meme,Satire CEO / corporate greed
22,9,X platform แม่งคิดค่าธรรมเนียมสูง แค่คิดก็เสือกแล้ว,News/Trend,"Direct, shareable"
22,10,ร้านค้าขายดี = user happy = investorเหงื่อตก,Branding/CTA,"Punchline, zero-fee pride"
22,11,ข่าว: Delivery fee พุ่ง 30% คนไทยสะเทือน,Anti-Investor,"Comment เกาะกระแส, tone เสียดสี"
22,12,ค่า fee แม่งสูงเกินมนุษย์!,Marketplace,"ด่า investor/แพลตฟอร์มที่แดกกำไรเกินควร, tone เจ็บแสบ"
22,13,ร้านค้าขาย 100 ได้แค่ 80 แม่งยังคิดว่าโอเค?,Meme,"เปรียบเทียบค่าธรรมเนียมสูงกับร้านค้า, tone ฮา/จิกกัด"
22,14,คนไทยลำบาก ขณะที่ CEO นอนนับเงิน,News/Trend,"เสียดสีความเหลื่อมล้ำ, punchline shareable"
22,15,Grab แดกค่า fee 25% แต่ก็ไม่มี zero-fee,Branding/CTA,"ด่า delivery platform, tone ตรงไปตรงมา"
22,16,ข่าว: สตาร์ทอัพใหม่ เก็บค่า fee แพงอีกแล้ว,Anti-Investor,"comment เกาะข่าว, tone เสียดสี"
22,17,เสือก! ร้านค้าได้เต็ม ผู้ใช้ได้ถูก,Marketplace,"Call to action, zero-fee branding"
22,18,ลงทุนเกินควร = กำไรเกินควร = เสือก!,Meme,"Jibe investor, punchline"
22,19,ค่าอาหาร 100 แต่คุณกิน 75? แม่งอย่าให้ fee กิน,News/Trend,"Compare cost, tone เจ็บแสบ"
22,20,CEO บอก user สำคัญ แต่ dashboard กินกำไรเอง,Branding/CTA,Satire CEO / corporate greed
22,21,X platform แม่งคิดค่าธรรมเนียมสูง แค่คิดก็เสือกแล้ว,Anti-Investor,"Direct, shareable"
22,22,ร้านค้าขายดี = user happy = investorเหงื่อตก,Marketplace,"Punchline, zero-fee pride"
22,23,ข่าว: Delivery fee พุ่ง 30% คนไทยสะเทือน,Meme,"Comment เกาะกระแส, tone เสียดสี"
23,0,ค่า fee แม่งสูงเกินมนุษย์!,News/Trend,"ด่า investor/แพลตฟอร์มที่แดกกำไรเกินควร, tone เจ็บแสบ"
23,1,ร้านค้าขาย 100 ได้แค่ 80 แม่งยังคิดว่าโอเค?,Branding/CTA,"เปรียบเทียบค่าธรรมเนียมสูงกับร้านค้า, tone ฮา/จิกกัด"
23,2,คนไทยลำบาก ขณะที่ CEO นอนนับเงิน,Anti-Investor,"เสียดสีความเหลื่อมล้ำ, punchline shareable"
23,3,Grab แดกค่า fee 25% แต่ก็ไม่มี zero-fee,Marketplace,"ด่า delivery platform, tone ตรงไปตรงมา"
23,4,ข่าว: สตาร์ทอัพใหม่ เก็บค่า fee แพงอีกแล้ว,Meme,"comment เกาะข่าว, tone เสียดสี"
23,5,เสือก! ร้านค้าได้เต็ม ผู้ใช้ได้ถูก,News/Trend,"Call to action, zero-fee branding"
23,6,ลงทุนเกินควร = กำไรเกินควร = เสือก!,Branding/CTA,"Jibe investor, punchline"
23,7,ค่าอาหาร 100 แต่คุณกิน 75? แม่งอย่าให้ fee กิน,Anti-Investor,"Compare cost, tone เจ็บแสบ"
23,8,CEO บอก user สำคัญ แต่ dashboard กินกำไรเอง,Marketplace,Satire CEO / corporate greed
23,9,X platform แม่งคิดค่าธรรมเนียมสูง แค่คิดก็เสือกแล้ว,Meme,"Direct, shareable"
23,10,ร้านค้าขายดี = user happy = investorเหงื่อตก,News/Trend,"Punchline, zero-fee pride"
23,11,ข่าว: Delivery fee พุ่ง 30% คนไทยสะเทือน,Branding/CTA,"Comment เกาะกระแส, tone เสียดสี"
23,12,ค่า fee แม่งสูงเกินมนุษย์!,Anti-Investor,"ด่า investor/แพลตฟอร์มที่แดกกำไรเกินควร, tone เจ็บแสบ"
23,13,ร้านค้าขาย 100 ได้แค่ 80 แม่งยังคิดว่าโอเค?,Marketplace,"เปรียบเทียบค่าธรรมเนียมสูงกับร้านค้า, tone ฮา/จิกกัด"
23,14,คนไทยลำบาก ขณะที่ CEO นอนนับเงิน,Meme,"เสียดสีความเหลื่อมล้ำ, punchline shareable"
23,15,Grab แดกค่า fee 25% แต่ก็ไม่มี zero-fee,News/Trend,"ด่า delivery platform, tone ตรงไปตรงมา"
23,16,ข่าว: สตาร์ทอัพใหม่ เก็บค่า fee แพงอีกแล้ว,Branding/CTA,"comment เกาะข่าว, tone เสียดสี"
23,17,เสือก! ร้านค้าได้เต็ม ผู้ใช้ได้ถูก,Anti-Investor,"Call to action, zero-fee branding"
23,18,ลงทุนเกินควร = กำไรเกินควร = เสือก!,Marketplace,"Jibe investor, punchline"
23,19,ค่าอาหาร 100 แต่คุณกิน 75? แม่งอย่าให้ fee กิน,Meme,"Compare cost, tone เจ็บแสบ"
23,20,CEO บอก user สำคัญ แต่ dashboard กินกำไรเอง,News/Trend,Satire CEO / corporate greed
23,21,X platform แม่งคิดค่าธรรมเนียมสูง แค่คิดก็เสือกแล้ว,Branding/CTA,"Direct, shareable"
23,22,ร้านค้าขายดี = user happy = investorเหงื่อตก,Anti-Investor,"Punchline, zero-fee pride"
23,23,ข่าว: Delivery fee พุ่ง 30% คนไทยสะเทือน,Marketplace,"Comment เกาะกระแส, tone เสียดสี"
24,0,ค่า fee แม่งสูงเกินมนุษย์!,Meme,"ด่า investor/แพลตฟอร์มที่แดกกำไรเกินควร, tone เจ็บแสบ"
24,1,ร้านค้าขาย 100 ได้แค่ 80 แม่งยังคิดว่าโอเค?,News/Trend,"เปรียบเทียบค่าธรรมเนียมสูงกับร้านค้า, tone ฮา/จิกกัด"
24,2,คนไทยลำบาก ขณะที่ CEO นอนนับเงิน,Branding/CTA,"เสียดสีความเหลื่อมล้ำ, punchline shareable"
24,3,Grab แดกค่า fee 25% แต่ก็ไม่มี zero-fee,Anti-Investor,"ด่า delivery platform, tone ตรงไปตรงมา"
24,4,ข่าว: สตาร์ทอัพใหม่ เก็บค่า fee แพงอีกแล้ว,Marketplace,"comment เกาะข่าว, tone เสียดสี"
24,5,เสือก! ร้านค้าได้เต็ม ผู้ใช้ได้ถูก,Meme,"Call to action, zero-fee branding"
24,6,ลงทุนเกินควร = กำไรเกินควร = เสือก!,News/Trend,"Jibe investor, punchline"
24,7,ค่าอาหาร 100 แต่คุณกิน 75? แม่งอย่าให้ fee กิน,Branding/CTA,"Compare cost, tone เจ็บแสบ"
24,8,CEO บอก user สำคัญ แต่ dashboard กินกำไรเอง,Anti-Investor,Satire CEO / corporate greed
24,9,X platform แม่งคิดค่าธรรมเนียมสูง แค่คิดก็เสือกแล้ว,Marketplace,"Direct, shareable"
24,10,ร้านค้าขายดี = user happy = investorเหงื่อตก,Meme,"Punchline, zero-fee pride"
24,11,ข่าว: Delivery fee พุ่ง 30% คนไทยสะเทือน,News/Trend,"Comment เกาะกระแส, tone เสียดสี"
24,12,ค่า fee แม่งสูงเกินมนุษย์!,Branding/CTA,"ด่า investor/แพลตฟอร์มที่แดกกำไรเกินควร, tone เจ็บแสบ"
24,13,ร้านค้าขาย 100 ได้แค่ 80 แม่งยังคิดว่าโอเค?,Anti-Investor,"เปรียบเทียบค่าธรรมเนียมสูงกับร้านค้า, tone ฮา/จิกกัด"
24,14,คนไทยลำบาก ขณะที่ CEO นอนนับเงิน,Marketplace,"เสียดสีความเหลื่อมล้ำ, punchline shareable"
24,15,Grab แดกค่า fee 25% แต่ก็ไม่มี zero-fee,Meme,"ด่า delivery platform, tone ตรงไปตรงมา"
24,16,ข่าว: สตาร์ทอัพใหม่ เก็บค่า fee แพงอีกแล้ว,News/Trend,"comment เกาะข่าว, tone เสียดสี"
24,17,เสือก! ร้านค้าได้เต็ม ผู้ใช้ได้ถูก,Branding/CTA,"Call to action, zero-fee branding"
24,18,ลงทุนเกินควร = กำไรเกินควร = เสือก!,Anti-Investor,"Jibe investor, punchline"
24,19,ค่าอาหาร 100 แต่คุณกิน 75? แม่งอย่าให้ fee กิน,Marketplace,"Compare cost, tone เจ็บแสบ"
24,20,CEO บอก user สำคัญ แต่ dashboard กินกำไรเอง,Meme,Satire CEO / corporate greed
24,21,X platform แม่งคิดค่าธรรมเนียมสูง แค่คิดก็เสือกแล้ว,News/Trend,"Direct, shareable"
24,22,ร้านค้าขายดี = user happy = investorเหงื่อตก,Branding/CTA,"Punchline, zero-fee pride"
24,23,ข่าว: Delivery fee พุ่ง 30% คนไทยสะเทือน,Anti-Investor,"Comment เกาะกระแส, tone เสียดสี"
25,0,ค่า fee แม่งสูงเกินมนุษย์!,Marketplace,"ด่า investor/แพลตฟอร์มที่แดกกำไรเกินควร, tone เจ็บแสบ"
25,1,ร้านค้าขาย 100 ได้แค่ 80 แม่งยังคิดว่าโอเค?,Meme,"เปรียบเทียบค่าธรรมเนียมสูงกับร้านค้า, tone ฮา/จิกกัด"
25,2,คนไทยลำบาก ขณะที่ CEO นอนนับเงิน,News/Trend,"เสียดสีความเหลื่อมล้ำ, punchline shareable"
25,3,Grab แดกค่า fee 25% แต่ก็ไม่มี zero-fee,Branding/CTA,"ด่า delivery platform, tone ตรงไปตรงมา"
25,4,ข่าว: สตาร์ทอัพใหม่ เก็บค่า fee แพงอีกแล้ว,Anti-Investor,"comment เกาะข่าว, tone เสียดสี"
25,5,เสือก! ร้านค้าได้เต็ม ผู้ใช้ได้ถูก,Marketplace,"Call to action, zero-fee branding"
25,6,ลงทุนเกินควร = กำไรเกินควร = เสือก!,Meme,"Jibe investor, punchline"
25,7,ค่าอาหาร 100 แต่คุณกิน 75? แม่งอย่าให้ fee กิน,News/Trend,"Compare cost, tone เจ็บแสบ"
25,8,CEO บอก user สำคัญ แต่ dashboard กินกำไรเอง,Branding/CTA,Satire CEO / corporate greed
25,9,X platform แม่งคิดค่าธรรมเนียมสูง แค่คิดก็เสือกแล้ว,Anti-Investor,"Direct, shareable"
25,10,ร้านค้าขายดี = user happy = investorเหงื่อตก,Marketplace,"Punchline, zero-fee pride"
25,11,ข่าว: Delivery fee พุ่ง 30% คนไทยสะเทือน,Meme,"Comment เกาะกระแส, tone เสียดสี"
25,12,ค่า fee แม่งสูงเกินมนุษย์!,News/Trend,"ด่า investor/แพลตฟอร์มที่แดกกำไรเกินควร, tone เจ็บแสบ"
25,13,ร้านค้าขาย 100 ได้แค่ 80 แม่งยังคิดว่าโอเค?,Branding/CTA,"เปรียบเทียบค่าธรรมเนียมสูงกับร้านค้า, tone ฮา/จิกกัด"
25,14,คนไทยลำบาก ขณะที่ CEO นอนนับเงิน,Anti-Investor,"เสียดสีความเหลื่อมล้ำ, punchline shareable"
25,15,Grab แดกค่า fee 25% แต่ก็ไม่มี zero-fee,Marketplace,"ด่า delivery platform, tone ตรงไปตรงมา"
25,16,ข่าว: สตาร์ทอัพใหม่ เก็บค่า fee แพงอีกแล้ว,Meme,"comment เกาะข่าว, tone เสียดสี"
25,17,เสือก! ร้านค้าได้เต็ม ผู้ใช้ได้ถูก,News/Trend,"Call to action, zero-fee branding"
25,18,ลงทุนเกินควร = กำไรเกินควร = เสือก!,Branding/CTA,"Jibe investor, punchline"
25,19,ค่าอาหาร 100 แต่คุณกิน 75? แม่งอย่าให้ fee กิน,Anti-Investor,"Compare cost, tone เจ็บแสบ"
25,20,CEO บอก user สำคัญ แต่ dashboard กินกำไรเอง,Marketplace,Satire CEO / corporate greed
25,21,X platform แม่งคิดค่าธรรมเนียมสูง แค่คิดก็เสือกแล้ว,Meme,"Direct, shareable"
25,22,ร้านค้าขายดี = user happy = investorเหงื่อตก,News/Trend,"Punchline, zero-fee pride"
25,23,ข่าว: Delivery fee พุ่ง 30% คนไทยสะเทือน,Branding/CTA,"Comment เกาะกระแส, tone เสียดสี"
26,0,ค่า fee แม่งสูงเกินมนุษย์!,Anti-Investor,"ด่า investor/แพลตฟอร์มที่แดกกำไรเกินควร, tone เจ็บแสบ"
26,1,ร้านค้าขาย 100 ได้แค่ 80 แม่งยังคิดว่าโอเค?,Marketplace,"เปรียบเทียบค่าธรรมเนียมสูงกับร้านค้า, tone ฮา/จิกกัด"
26,2,คนไทยลำบาก ขณะที่ CEO นอนนับเงิน,Meme,"เสียดสีความเหลื่อมล้ำ, punchline shareable"
26,3,Grab แดกค่า fee 25% แต่ก็ไม่มี zero-fee,News/Trend,"ด่า delivery platform, tone ตรงไปตรงมา"
26,4,ข่าว: สตาร์ทอัพใหม่ เก็บค่า fee แพงอีกแล้ว,Branding/CTA,"comment เกาะข่าว, tone เสียดสี"
26,5,เสือก! ร้านค้าได้เต็ม ผู้ใช้ได้ถูก,Anti-Investor,"Call to action, zero-fee branding"
26,6,ลงทุนเกินควร = กำไรเกินควร = เสือก!,Marketplace,"Jibe investor, punchline"
26,7,ค่าอาหาร 100 แต่คุณกิน 75? แม่งอย่าให้ fee กิน,Meme,"Compare cost, tone เจ็บแสบ"
26,8,CEO บอก user สำคัญ แต่ dashboard กินกำไรเอง,News/Trend,Satire CEO / corporate greed
26,9,X platform แม่งคิดค่าธรรมเนียมสูง แค่คิดก็เสือกแล้ว,Branding/CTA,"Direct, shareable"
26,10,ร้านค้าขายดี = user happy = investorเหงื่อตก,Anti-Investor,"Punchline, zero-fee pride"
26,11,ข่าว: Delivery fee พุ่ง 30% คนไทยสะเทือน,Marketplace,"Comment เกาะกระแส, tone เสียดสี"
26,12,ค่า fee แม่งสูงเกินมนุษย์!,Meme,"ด่า investor/แพลตฟอร์มที่แดกกำไรเกินควร, tone เจ็บแสบ"
26,13,ร้านค้าขาย 100 ได้แค่ 80 แม่งยังคิดว่าโอเค?,News/Trend,"เปรียบเทียบค่าธรรมเนียมสูงกับร้านค้า, tone ฮา/จิกกัด"
26,14,คนไทยลำบาก ขณะที่ CEO นอนนับเงิน,Branding/CTA,"เสียดสีความเหลื่อมล้ำ, punchline shareable"
26,15,Grab แดกค่า fee 25% แต่ก็ไม่มี zero-fee,Anti-Investor,"ด่า delivery platform, tone ตรงไปตรงมา"
26,16,ข่าว: สตาร์ทอัพใหม่ เก็บค่า fee แพงอีกแล้ว,Marketplace,"comment เกาะข่าว, tone เสียดสี"
26,17,เสือก! ร้านค้าได้เต็ม ผู้ใช้ได้ถูก,Meme,"Call to action, zero-fee branding"
26,18,ลงทุนเกินควร = กำไรเกินควร = เสือก!,News/Trend,"Jibe investor, punchline"
26,19,ค่าอาหาร 100 แต่คุณกิน 75? แม่งอย่าให้ fee กิน,Branding/CTA,"Compare cost, tone เจ็บแสบ"
26,20,CEO บอก user สำคัญ แต่ dashboard กินกำไรเอง,Anti-Investor,Satire CEO / corporate greed
26,21,X platform แม่งคิดค่าธรรมเนียมสูง แค่คิดก็เสือกแล้ว,Marketplace,"Direct, shareable"
26,22,ร้านค้าขายดี = user happy = investorเหงื่อตก,Meme,"Punchline, zero-fee pride"
26,23,ข่าว: Delivery fee พุ่ง 30% คนไทยสะเทือน,News/Trend,"Comment เกาะกระแส, tone เสียดสี"
27,0,ค่า fee แม่งสูงเกินมนุษย์!,Branding/CTA,"ด่า investor/แพลตฟอร์มที่แดกกำไรเกินควร, tone เจ็บแสบ"
27,1,ร้านค้าขาย 100 ได้แค่ 80 แม่งยังคิดว่าโอเค?,Anti-Investor,"เปรียบเทียบค่าธรรมเนียมสูงกับร้านค้า, tone ฮา/จิกกัด"
27,2,คนไทยลำบาก ขณะที่ CEO นอนนับเงิน,Marketplace,"เสียดสีความเหลื่อมล้ำ, punchline shareable"
27,3,Grab แดกค่า fee 25% แต่ก็ไม่มี zero-fee,Meme,"ด่า delivery platform, tone ตรงไปตรงมา"
27,4,ข่าว: สตาร์ทอัพใหม่ เก็บค่า fee แพงอีกแล้ว,News/Trend,"comment เกาะข่าว, tone เสียดสี"
27,5,เสือก! ร้านค้าได้เต็ม ผู้ใช้ได้ถูก,Branding/CTA,"Call to action, zero-fee branding"
27,6,ลงทุนเกินควร = กำไรเกินควร = เสือก!,Anti-Investor,"Jibe investor, punchline"
27,7,ค่าอาหาร 100 แต่คุณกิน 75? แม่งอย่าให้ fee กิน,Marketplace,"Compare cost, tone เจ็บแสบ"
27,8,CEO บอก user สำคัญ แต่ dashboard กินกำไรเอง,Meme,Satire CEO / corporate greed
27,9,X platform แม่งคิดค่าธรรมเนียมสูง แค่คิดก็เสือกแล้ว,News/Trend,"Direct, shareable"
27,10,ร้านค้าขายดี = user happy = investorเหงื่อตก,Branding/CTA,"Punchline, zero-fee pride"
27,11,ข่าว: Delivery fee พุ่ง 30% คนไทยสะเทือน,Anti-Investor,"Comment เกาะกระแส, tone เสียดสี"
27,12,ค่า fee แม่งสูงเกินมนุษย์!,Marketplace,"ด่า investor/แพลตฟอร์มที่แดกกำไรเกินควร, tone เจ็บแสบ"
27,13,ร้านค้าขาย 100 ได้แค่ 80 แม่งยังคิดว่าโอเค?,Meme,"เปรียบเทียบค่าธรรมเนียมสูงกับร้านค้า, tone ฮา/จิกกัด"
27,14,คนไทยลำบาก ขณะที่ CEO นอนนับเงิน,News/Trend,"เสียดสีความเหลื่อมล้ำ, punchline shareable"
27,15,Grab แดกค่า fee 25% แต่ก็ไม่มี zero-fee,Branding/CTA,"ด่า delivery platform, tone ตรงไปตรงมา"
27,16,ข่าว: สตาร์ทอัพใหม่ เก็บค่า fee แพงอีกแล้ว,Anti-Investor,"comment เกาะข่าว, tone เสียดสี"
27,17,เสือก! ร้านค้าได้เต็ม ผู้ใช้ได้ถูก,Marketplace,"Call to action, zero-fee branding"
27,18,ลงทุนเกินควร = กำไรเกินควร = เสือก!,Meme,"Jibe investor, punchline"
27,19,ค่าอาหาร 100 แต่คุณกิน 75? แม่งอย่าให้ fee กิน,News/Trend,"Compare cost, tone เจ็บแสบ"
27,20,CEO บอก user สำคัญ แต่ dashboard กินกำไรเอง,Branding/CTA,Satire CEO / corporate greed
27,21,X platform แม่งคิดค่าธรรมเนียมสูง แค่คิดก็เสือกแล้ว,Anti-Investor,"Direct, shareable"
27,22,ร้านค้าขายดี = user happy = investorเหงื่อตก,Marketplace,"Punchline, zero-fee pride"
27,23,ข่าว: Delivery fee พุ่ง 30% คนไทยสะเทือน,Meme,"Comment เกาะกระแส, tone เสียดสี"
28,0,ค่า fee แม่งสูงเกินมนุษย์!,News/Trend,"ด่า investor/แพลตฟอร์มที่แดกกำไรเกินควร, tone เจ็บแสบ"
28,1,ร้านค้าขาย 100 ได้แค่ 80 แม่งยังคิดว่าโอเค?,Branding/CTA,"เปรียบเทียบค่าธรรมเนียมสูงกับร้านค้า, tone ฮา/จิกกัด"
28,2,คนไทยลำบาก ขณะที่ CEO นอนนับเงิน,Anti-Investor,"เสียดสีความเหลื่อมล้ำ, punchline shareable"
28,3,Grab แดกค่า fee 25% แต่ก็ไม่มี zero-fee,Marketplace,"ด่า delivery platform, tone ตรงไปตรงมา"
28,4,ข่าว: สตาร์ทอัพใหม่ เก็บค่า fee แพงอีกแล้ว,Meme,"comment เกาะข่าว, tone เสียดสี"
28,5,เสือก! ร้านค้าได้เต็ม ผู้ใช้ได้ถูก,News/Trend,"Call to action, zero-fee branding"
28,6,ลงทุนเกินควร = กำไรเกินควร = เสือก!,Branding/CTA,"Jibe investor, punchline"
28,7,ค่าอาหาร 100 แต่คุณกิน 75? แม่งอย่าให้ fee กิน,Anti-Investor,"Compare cost, tone เจ็บแสบ"
28,8,CEO บอก user สำคัญ แต่ dashboard กินกำไรเอง,Marketplace,Satire CEO / corporate greed
28,9,X platform แม่งคิดค่าธรรมเนียมสูง แค่คิดก็เสือกแล้ว,Meme,"Direct, shareable"
28,10,ร้านค้าขายดี = user happy = investorเหงื่อตก,News/Trend,"Punchline, zero-fee pride"
28,11,ข่าว: Delivery fee พุ่ง 30% คนไทยสะเทือน,Branding/CTA,"Comment เกาะกระแส, tone เสียดสี"
28,12,ค่า fee แม่งสูงเกินมนุษย์!,Anti-Investor,"ด่า investor/แพลตฟอร์มที่แดกกำไรเกินควร, tone เจ็บแสบ"
28,13,ร้านค้าขาย 100 ได้แค่ 80 แม่งยังคิดว่าโอเค?,Marketplace,"เปรียบเทียบค่าธรรมเนียมสูงกับร้านค้า, tone ฮา/จิกกัด"
28,14,คนไทยลำบาก ขณะที่ CEO นอนนับเงิน,Meme,"เสียดสีความเหลื่อมล้ำ, punchline shareable"
28,15,Grab แดกค่า fee 25% แต่ก็ไม่มี zero-fee,News/Trend,"ด่า delivery platform, tone ตรงไปตรงมา"
28,16,ข่าว: สตาร์ทอัพใหม่ เก็บค่า fee แพงอีกแล้ว,Branding/CTA,"comment เกาะข่าว, tone เสียดสี"
28,17,เสือก! ร้านค้าได้เต็ม ผู้ใช้ได้ถูก,Anti-Investor,"Call to action, zero-fee branding"
28,18,ลงทุนเกินควร = กำไรเกินควร = เสือก!,Marketplace,"Jibe investor, punchline"
28,19,ค่าอาหาร 100 แต่คุณกิน 75? แม่งอย่าให้ fee กิน,Meme,"Compare cost, tone เจ็บแสบ"
28,20,CEO บอก user สำคัญ แต่ dashboard กินกำไรเอง,News/Trend,Satire CEO / corporate greed
28,21,X platform แม่งคิดค่าธรรมเนียมสูง แค่คิดก็เสือกแล้ว,Branding/CTA,"Direct, shareable"
28,22,ร้านค้าขายดี = user happy = investorเหงื่อตก,Anti-Investor,"Punchline, zero-fee pride"
28,23,ข่าว: Delivery fee พุ่ง 30% คนไทยสะเทือน,Marketplace,"Comment เกาะกระแส, tone เสียดสี"
29,0,ค่า fee แม่งสูงเกินมนุษย์!,Meme,"ด่า investor/แพลตฟอร์มที่แดกกำไรเกินควร, tone เจ็บแสบ"
29,1,ร้านค้าขาย 100 ได้แค่ 80 แม่งยังคิดว่าโอเค?,News/Trend,"เปรียบเทียบค่าธรรมเนียมสูงกับร้านค้า, tone ฮา/จิกกัด"
29,2,คนไทยลำบาก ขณะที่ CEO นอนนับเงิน,Branding/CTA,"เสียดสีความเหลื่อมล้ำ, punchline shareable"
29,3,Grab แดกค่า fee 25% แต่ก็ไม่มี zero-fee,Anti-Investor,"ด่า delivery platform, tone ตรงไปตรงมา"
29,4,ข่าว: สตาร์ทอัพใหม่ เก็บค่า fee แพงอีกแล้ว,Marketplace,"comment เกาะข่าว, tone เสียดสี"
29,5,เสือก! ร้านค้าได้เต็ม ผู้ใช้ได้ถูก,Meme,"Call to action, zero-fee branding"
29,6,ลงทุนเกินควร = กำไรเกินควร = เสือก!,News/Trend,"Jibe investor, punchline"
29,7,ค่าอาหาร 100 แต่คุณกิน 75? แม่งอย่าให้ fee กิน,Branding/CTA,"Compare cost, tone เจ็บแสบ"
29,8,CEO บอก user สำคัญ แต่ dashboard กินกำไรเอง,Anti-Investor,Satire CEO / corporate greed
29,9,X platform แม่งคิดค่าธรรมเนียมสูง แค่คิดก็เสือกแล้ว,Marketplace,"Direct, shareable"
29,10,ร้านค้าขายดี = user happy = investorเหงื่อตก,Meme,"Punchline, zero-fee pride"
29,11,ข่าว: Delivery fee พุ่ง 30% คนไทยสะเทือน,News/Trend,"Comment เกาะกระแส, tone เสียดสี"
29,12,ค่า fee แม่งสูงเกินมนุษย์!,Branding/CTA,"ด่า investor/แพลตฟอร์มที่แดกกำไรเกินควร, tone เจ็บแสบ"
29,13,ร้านค้าขาย 100 ได้แค่ 80 แม่งยังคิดว่าโอเค?,Anti-Investor,"เปรียบเทียบค่าธรรมเนียมสูงกับร้านค้า, tone ฮา/จิกกัด"
29,14,คนไทยลำบาก ขณะที่ CEO นอนนับเงิน,Marketplace,"เสียดสีความเหลื่อมล้ำ, punchline shareable"
29,15,Grab แดกค่า fee 25% แต่ก็ไม่มี zero-fee,Meme,"ด่า delivery platform, tone ตรงไปตรงมา"
29,16,ข่าว: สตาร์ทอัพใหม่ เก็บค่า fee แพงอีกแล้ว,News/Trend,"comment เกาะข่าว, tone เสียดสี"
29,17,เสือก! ร้านค้าได้เต็ม ผู้ใช้ได้ถูก,Branding/CTA,"Call to action, zero-fee branding"
29,18,ลงทุนเกินควร = กำไรเกินควร = เสือก!,Anti-Investor,"Jibe investor, punchline"
29,19,ค่าอาหาร 100 แต่คุณกิน 75? แม่งอย่าให้ fee กิน,Marketplace,"Compare cost, tone เจ็บแสบ"
29,20,CEO บอก user สำคัญ แต่ dashboard กินกำไรเอง,Meme,Satire CEO / corporate greed
29,21,X platform แม่งคิดค่าธรรมเนียมสูง แค่คิดก็เสือกแล้ว,News/Trend,"Direct, shareable"
29,22,ร้านค้าขายดี = user happy = investorเหงื่อตก,Branding/CTA,"Punchline, zero-fee pride"
29,23,ข่าว: Delivery fee พุ่ง 30% คนไทยสะเทือน,Anti-Investor,"Comment เกาะกระแส, tone เสียดสี"
30,0,ค่า fee แม่งสูงเกินมนุษย์!,Marketplace,"ด่า investor/แพลตฟอร์มที่แดกกำไรเกินควร, tone เจ็บแสบ"
30,1,ร้านค้าขาย 100 ได้แค่ 80 แม่งยังคิดว่าโอเค?,Meme,"เปรียบเทียบค่าธรรมเนียมสูงกับร้านค้า, tone ฮา/จิกกัด"
30,2,คนไทยลำบาก ขณะที่ CEO นอนนับเงิน,News/Trend,"เสียดสีความเหลื่อมล้ำ, punchline shareable"
30,3,Grab แดกค่า fee 25% แต่ก็ไม่มี zero-fee,Branding/CTA,"ด่า delivery platform, tone ตรงไปตรงมา"
30,4,ข่าว: สตาร์ทอัพใหม่ เก็บค่า fee แพงอีกแล้ว,Anti-Investor,"comment เกาะข่าว, tone เสียดสี"
30,5,เสือก! ร้านค้าได้เต็ม ผู้ใช้ได้ถูก,Marketplace,"Call to action, zero-fee branding"
30,6,ลงทุนเกินควร = กำไรเกินควร = เสือก!,Meme,"Jibe investor, punchline"
30,7,ค่าอาหาร 100 แต่คุณกิน 75? แม่งอย่าให้ fee กิน,News/Trend,"Compare cost, tone เจ็บแสบ"
30,8,CEO บอก user สำคัญ แต่ dashboard กินกำไรเอง,Branding/CTA,Satire CEO / corporate greed
30,9,X platform แม่งคิดค่าธรรมเนียมสูง แค่คิดก็เสือกแล้ว,Anti-Investor,"Direct, shareable"
30,10,ร้านค้าขายดี = user happy = investorเหงื่อตก,Marketplace,"Punchline, zero-fee pride"
30,11,ข่าว: Delivery fee พุ่ง 30% คนไทยสะเทือน,Meme,"Comment เกาะกระแส, tone เสียดสี"
30,12,ค่า fee แม่งสูงเกินมนุษย์!,News/Trend,"ด่า investor/แพลตฟอร์มที่แดกกำไรเกินควร, tone เจ็บแสบ"
30,13,ร้านค้าขาย 100 ได้แค่ 80 แม่งยังคิดว่าโอเค?,Branding/CTA,"เปรียบเทียบค่าธรรมเนียมสูงกับร้านค้า, tone ฮา/จิกกัด"
30,14,คนไทยลำบาก ขณะที่ CEO นอนนับเงิน,Anti-Investor,"เสียดสีความเหลื่อมล้ำ, punchline shareable"
30,15,Grab แดกค่า fee 25% แต่ก็ไม่มี zero-fee,Marketplace,"ด่า delivery platform, tone ตรงไปตรงมา"
30,16,ข่าว: สตาร์ทอัพใหม่ เก็บค่า fee แพงอีกแล้ว,Meme,"comment เกาะข่าว, tone เสียดสี"
30,17,เสือก! ร้านค้าได้เต็ม ผู้ใช้ได้ถูก,News/Trend,"Call to action, zero-fee branding"
30,18,ลงทุนเกินควร = กำไรเกินควร = เสือก!,Branding/CTA,"Jibe investor, punchline"
30,19,ค่าอาหาร 100 แต่คุณกิน 75? แม่งอย่าให้ fee กิน,Anti-Investor,"Compare cost, tone เจ็บแสบ"
30,20,CEO บอก user สำคัญ แต่ dashboard กินกำไรเอง,Marketplace,Satire CEO / corporate greed
30,21,X platform แม่งคิดค่าธรรมเนียมสูง แค่คิดก็เสือกแล้ว,Meme,"Direct, shareable"
30,22,ร้านค้าขายดี = user happy = investorเหงื่อตก,News/Trend,"Punchline, zero-fee pride"
30,23,ข่าว: Delivery fee พุ่ง 30% คนไทยสะเทือน,Branding/CTA,"Comment เกาะกระแส, tone เสียดสี"
